-- phpMyAdmin SQL Dump
-- version 5.2.0
-- https://www.phpmyadmin.net/
--
-- Хост: 127.0.0.1:3306
-- Время создания: Апр 18 2024 г., 16:59
-- Версия сервера: 8.0.30
-- Версия PHP: 8.1.9

SET SQL_MODE = "NO_AUTO_VALUE_ON_ZERO";
START TRANSACTION;
SET time_zone = "+00:00";


/*!40101 SET @OLD_CHARACTER_SET_CLIENT=@@CHARACTER_SET_CLIENT */;
/*!40101 SET @OLD_CHARACTER_SET_RESULTS=@@CHARACTER_SET_RESULTS */;
/*!40101 SET @OLD_COLLATION_CONNECTION=@@COLLATION_CONNECTION */;
/*!40101 SET NAMES utf8mb4 */;

--
-- База данных: `twitter`
--

-- --------------------------------------------------------

--
-- Структура таблицы `comments`
--

CREATE TABLE `comments` (
  `id` bigint UNSIGNED NOT NULL,
  `user_id` bigint UNSIGNED NOT NULL,
  `idea_id` bigint UNSIGNED NOT NULL,
  `comment` varchar(255) COLLATE utf8mb4_unicode_ci NOT NULL,
  `created_at` timestamp NULL DEFAULT NULL,
  `updated_at` timestamp NULL DEFAULT NULL
) ENGINE=InnoDB DEFAULT CHARSET=utf8mb4 COLLATE=utf8mb4_unicode_ci;

--
-- Дамп данных таблицы `comments`
--

INSERT INTO `comments` (`id`, `user_id`, `idea_id`, `comment`, `created_at`, `updated_at`) VALUES
(3, 71, 27, 'Possimus tempore soluta vitae eum voluptatum vero optio.', '2024-03-28 20:18:49', '2024-03-28 20:18:49'),
(4, 73, 28, 'Magni illo voluptatem tempora quisquam nemo id.', '2024-03-28 20:18:49', '2024-03-28 20:18:49'),
(6, 77, 30, 'Ut nam quis non consequatur est.', '2024-03-28 20:18:49', '2024-03-28 20:18:49'),
(7, 79, 31, 'Quia tempore et eos quis optio nulla.', '2024-03-28 20:18:49', '2024-03-28 20:18:49'),
(8, 81, 32, 'Nulla molestias veritatis amet doloremque corrupti sint maiores.', '2024-03-28 20:18:49', '2024-03-28 20:18:49'),
(9, 83, 33, 'Sint illo in nesciunt explicabo.', '2024-03-28 20:18:49', '2024-03-28 20:18:49'),
(10, 85, 34, 'Modi repellendus porro laborum quidem.', '2024-03-28 20:18:49', '2024-03-28 20:18:49'),
(11, 87, 35, 'Fugit exercitationem in omnis velit minus voluptate earum voluptatibus.', '2024-03-28 20:18:49', '2024-03-28 20:18:49'),
(12, 89, 36, 'Numquam ipsum inventore odio eius sint aliquid in in.', '2024-03-28 20:18:49', '2024-03-28 20:18:49'),
(13, 91, 37, 'Tempora harum quas aperiam a eaque provident.', '2024-03-28 20:18:49', '2024-03-28 20:18:49'),
(14, 93, 38, 'Autem pariatur omnis voluptas odit ducimus omnis qui.', '2024-03-28 20:18:49', '2024-03-28 20:18:49'),
(15, 95, 39, 'Possimus voluptatum autem nobis officiis.', '2024-03-28 20:18:49', '2024-03-28 20:18:49'),
(16, 97, 40, 'Quidem veritatis quis debitis vitae id optio accusamus libero.', '2024-03-28 20:18:49', '2024-03-28 20:18:49'),
(17, 99, 41, 'Exercitationem soluta eum animi.', '2024-03-28 20:18:49', '2024-03-28 20:18:49'),
(18, 101, 42, 'Dolores perspiciatis asperiores fuga blanditiis sequi unde autem cupiditate.', '2024-03-28 20:18:49', '2024-03-28 20:18:49'),
(19, 103, 43, 'Ut non velit saepe sapiente sed optio labore.', '2024-03-28 20:18:49', '2024-03-28 20:18:49'),
(20, 105, 44, 'Quae cum et explicabo excepturi eligendi magnam ut quia.', '2024-03-28 20:18:49', '2024-03-28 20:18:49'),
(21, 107, 45, 'Fugit corrupti sint eveniet enim voluptatum.', '2024-03-28 20:18:49', '2024-03-28 20:18:49'),
(22, 109, 46, 'Aperiam aliquam velit in.', '2024-03-28 20:18:49', '2024-03-28 20:18:49'),
(23, 111, 47, 'Et sequi nemo modi mollitia.', '2024-03-28 20:18:49', '2024-03-28 20:18:49'),
(24, 113, 48, 'Sunt explicabo qui aliquid sed perferendis et est aliquid.', '2024-03-28 20:18:49', '2024-03-28 20:18:49'),
(25, 115, 49, 'Ut qui quae tenetur quisquam quam sit est in.', '2024-03-28 20:18:49', '2024-03-28 20:18:49'),
(26, 117, 50, 'Laudantium delectus deleniti facilis dolor labore iure.', '2024-03-28 20:18:49', '2024-03-28 20:18:49'),
(27, 119, 51, 'Fugiat iure esse a odio.', '2024-03-28 20:18:49', '2024-03-28 20:18:49'),
(28, 121, 52, 'At debitis molestiae et sint totam et.', '2024-03-28 20:18:49', '2024-03-28 20:18:49'),
(29, 123, 53, 'Molestiae nemo odit ea veniam.', '2024-03-28 20:18:49', '2024-03-28 20:18:49'),
(30, 125, 54, 'Odio repellat dolore dolore et.', '2024-03-28 20:18:49', '2024-03-28 20:18:49'),
(31, 127, 55, 'Nihil dolores accusantium ea dolor porro iure fuga.', '2024-03-28 20:18:49', '2024-03-28 20:18:49'),
(32, 129, 56, 'Quibusdam quisquam ducimus ut id cupiditate.', '2024-03-28 20:18:49', '2024-03-28 20:18:49'),
(33, 131, 57, 'Qui sequi natus veritatis est eum repellat.', '2024-03-28 20:18:49', '2024-03-28 20:18:49'),
(34, 133, 58, 'Vel est et odit repudiandae non magni.', '2024-03-28 20:18:49', '2024-03-28 20:18:49'),
(35, 135, 59, 'Non itaque quia aliquam aperiam ad reprehenderit tempore.', '2024-03-28 20:18:49', '2024-03-28 20:18:49'),
(36, 137, 60, 'Est quis repellendus sapiente sed nesciunt dolor nisi.', '2024-03-28 20:18:49', '2024-03-28 20:18:49'),
(37, 139, 61, 'Tempora ipsam praesentium sit hic rerum occaecati.', '2024-03-28 20:18:49', '2024-03-28 20:18:49'),
(38, 141, 62, 'Consequatur sequi consequatur labore eveniet dolorum porro.', '2024-03-28 20:18:49', '2024-03-28 20:18:49'),
(39, 143, 63, 'Maiores sed deserunt molestias.', '2024-03-28 20:18:49', '2024-03-28 20:18:49'),
(40, 145, 64, 'Velit modi et ad blanditiis dignissimos eveniet.', '2024-03-28 20:18:49', '2024-03-28 20:18:49'),
(41, 147, 65, 'Laboriosam quaerat ab est ad commodi.', '2024-03-28 20:18:49', '2024-03-28 20:18:49'),
(42, 149, 66, 'Eos fugit quia velit rem quibusdam.', '2024-03-28 20:18:49', '2024-03-28 20:18:49'),
(43, 151, 67, 'Sunt voluptates corporis quo autem dolorem et ex.', '2024-03-28 20:18:49', '2024-03-28 20:18:49'),
(44, 153, 68, 'Sed nostrum explicabo voluptatem accusantium voluptatibus architecto.', '2024-03-28 20:18:49', '2024-03-28 20:18:49'),
(45, 155, 69, 'Non qui vel corrupti voluptatem neque autem.', '2024-03-28 20:18:49', '2024-03-28 20:18:49'),
(46, 157, 70, 'Est ab quia aspernatur vel.', '2024-03-28 20:18:49', '2024-03-28 20:18:49'),
(47, 159, 71, 'Enim nesciunt quidem vel est hic.', '2024-03-28 20:18:49', '2024-03-28 20:18:49'),
(48, 161, 72, 'Eius voluptates soluta quibusdam est eius ea ab.', '2024-03-28 20:18:49', '2024-03-28 20:18:49'),
(49, 163, 73, 'Pariatur qui recusandae asperiores.', '2024-03-28 20:18:49', '2024-03-28 20:18:49'),
(50, 165, 74, 'Perspiciatis in assumenda ducimus quam sed maiores qui.', '2024-03-28 20:18:49', '2024-03-28 20:18:49'),
(51, 167, 75, 'Et incidunt eius quasi sed atque ab.', '2024-03-28 20:18:49', '2024-03-28 20:18:49'),
(52, 169, 76, 'Repudiandae nostrum ad suscipit sint nisi aperiam et officia.', '2024-03-28 20:18:49', '2024-03-28 20:18:49');

-- --------------------------------------------------------

--
-- Структура таблицы `failed_jobs`
--

CREATE TABLE `failed_jobs` (
  `id` bigint UNSIGNED NOT NULL,
  `uuid` varchar(255) COLLATE utf8mb4_unicode_ci NOT NULL,
  `connection` text COLLATE utf8mb4_unicode_ci NOT NULL,
  `queue` text COLLATE utf8mb4_unicode_ci NOT NULL,
  `payload` longtext COLLATE utf8mb4_unicode_ci NOT NULL,
  `exception` longtext COLLATE utf8mb4_unicode_ci NOT NULL,
  `failed_at` timestamp NOT NULL DEFAULT CURRENT_TIMESTAMP
) ENGINE=InnoDB DEFAULT CHARSET=utf8mb4 COLLATE=utf8mb4_unicode_ci;

-- --------------------------------------------------------

--
-- Структура таблицы `follower_user`
--

CREATE TABLE `follower_user` (
  `user_id` bigint UNSIGNED NOT NULL,
  `follower_id` bigint UNSIGNED NOT NULL,
  `created_at` timestamp NULL DEFAULT NULL,
  `updated_at` timestamp NULL DEFAULT NULL
) ENGINE=InnoDB DEFAULT CHARSET=utf8mb4 COLLATE=utf8mb4_unicode_ci;

--
-- Дамп данных таблицы `follower_user`
--

INSERT INTO `follower_user` (`user_id`, `follower_id`, `created_at`, `updated_at`) VALUES
(46, 14, '2024-03-28 20:45:28', '2024-03-28 20:45:28'),
(68, 14, '2024-03-28 20:45:28', '2024-03-28 20:45:28'),
(165, 15, '2024-03-28 20:45:28', '2024-03-28 20:45:28'),
(169, 15, '2024-03-28 20:45:28', '2024-03-28 20:45:28'),
(110, 16, '2024-03-28 20:45:28', '2024-03-28 20:45:28'),
(169, 16, '2024-03-28 20:45:28', '2024-03-28 20:45:28'),
(37, 17, '2024-03-28 20:45:28', '2024-03-28 20:45:28'),
(147, 17, '2024-03-28 20:45:28', '2024-03-28 20:45:28'),
(29, 18, '2024-03-28 20:45:28', '2024-03-28 20:45:28'),
(46, 18, '2024-03-28 20:45:28', '2024-03-28 20:45:28'),
(121, 18, '2024-03-28 20:45:28', '2024-03-28 20:45:28'),
(70, 19, '2024-03-28 20:45:28', '2024-03-28 20:45:28'),
(132, 19, '2024-03-28 20:45:28', '2024-03-28 20:45:28'),
(34, 20, '2024-03-28 20:45:28', '2024-03-28 20:45:28'),
(40, 20, '2024-03-28 20:45:28', '2024-03-28 20:45:28'),
(117, 21, '2024-03-28 20:45:28', '2024-03-28 20:45:28'),
(127, 21, '2024-03-28 20:45:28', '2024-03-28 20:45:28'),
(136, 21, '2024-03-28 20:45:28', '2024-03-28 20:45:28'),
(49, 22, '2024-03-28 20:45:28', '2024-03-28 20:45:28'),
(132, 22, '2024-03-28 20:45:28', '2024-03-28 20:45:28'),
(159, 23, '2024-03-28 20:45:28', '2024-03-28 20:45:28'),
(35, 24, '2024-03-28 20:45:28', '2024-03-28 20:45:28'),
(46, 24, '2024-03-28 20:45:28', '2024-03-28 20:45:28'),
(74, 24, '2024-03-28 20:45:28', '2024-03-28 20:45:28'),
(141, 24, '2024-03-28 20:45:28', '2024-03-28 20:45:28'),
(66, 25, '2024-03-28 20:45:28', '2024-03-28 20:45:28'),
(69, 25, '2024-03-28 20:45:28', '2024-03-28 20:45:28'),
(166, 25, '2024-03-28 20:45:28', '2024-03-28 20:45:28'),
(45, 26, '2024-03-28 20:45:28', '2024-03-28 20:45:28'),
(115, 26, '2024-03-28 20:45:28', '2024-03-28 20:45:28'),
(145, 26, '2024-03-28 20:45:28', '2024-03-28 20:45:28'),
(30, 27, '2024-03-28 20:45:28', '2024-03-28 20:45:28'),
(50, 27, '2024-03-28 20:45:28', '2024-03-28 20:45:28'),
(158, 27, '2024-03-28 20:45:28', '2024-03-28 20:45:28'),
(162, 27, '2024-03-28 20:45:28', '2024-03-28 20:45:28'),
(165, 27, '2024-03-28 20:45:28', '2024-03-28 20:45:28'),
(63, 28, '2024-03-28 20:45:28', '2024-03-28 20:45:28'),
(158, 28, '2024-03-28 20:45:28', '2024-03-28 20:45:28'),
(121, 29, '2024-03-28 20:45:28', '2024-03-28 20:45:28'),
(135, 29, '2024-03-28 20:45:28', '2024-03-28 20:45:28'),
(63, 30, '2024-03-28 20:45:28', '2024-03-28 20:45:28'),
(148, 30, '2024-03-28 20:45:28', '2024-03-28 20:45:28'),
(137, 31, '2024-03-28 20:45:28', '2024-03-28 20:45:28'),
(145, 31, '2024-03-28 20:45:28', '2024-03-28 20:45:28'),
(147, 31, '2024-03-28 20:45:28', '2024-03-28 20:45:28'),
(161, 31, '2024-03-28 20:45:28', '2024-03-28 20:45:28'),
(56, 32, '2024-03-28 20:45:28', '2024-03-28 20:45:28'),
(89, 32, '2024-03-28 20:45:28', '2024-03-28 20:45:28'),
(137, 32, '2024-03-28 20:45:28', '2024-03-28 20:45:28'),
(143, 32, '2024-03-28 20:45:28', '2024-03-28 20:45:28'),
(35, 34, '2024-03-28 20:45:28', '2024-03-28 20:45:28'),
(108, 34, '2024-03-28 20:45:28', '2024-03-28 20:45:28'),
(64, 35, '2024-03-28 20:45:28', '2024-03-28 20:45:28'),
(37, 36, '2024-03-28 20:45:28', '2024-03-28 20:45:28'),
(75, 36, '2024-03-28 20:45:28', '2024-03-28 20:45:28'),
(159, 36, '2024-03-28 20:45:28', '2024-03-28 20:45:28'),
(131, 37, '2024-03-28 20:45:28', '2024-03-28 20:45:28'),
(159, 37, '2024-03-28 20:45:28', '2024-03-28 20:45:28'),
(100, 38, '2024-03-28 20:45:28', '2024-03-28 20:45:28'),
(103, 38, '2024-03-28 20:45:28', '2024-03-28 20:45:28'),
(153, 38, '2024-03-28 20:45:28', '2024-03-28 20:45:28'),
(89, 39, '2024-03-28 20:45:28', '2024-03-28 20:45:28'),
(100, 39, '2024-03-28 20:45:28', '2024-03-28 20:45:28'),
(133, 39, '2024-03-28 20:45:28', '2024-03-28 20:45:28'),
(152, 39, '2024-03-28 20:45:28', '2024-03-28 20:45:28'),
(58, 40, '2024-03-28 20:45:28', '2024-03-28 20:45:28'),
(165, 40, '2024-03-28 20:45:28', '2024-03-28 20:45:28'),
(19, 41, '2024-03-28 20:45:28', '2024-03-28 20:45:28'),
(94, 41, '2024-03-28 20:45:28', '2024-03-28 20:45:28'),
(123, 41, '2024-03-28 20:45:28', '2024-03-28 20:45:28'),
(35, 42, '2024-03-28 20:45:28', '2024-03-28 20:45:28'),
(62, 42, '2024-03-28 20:45:28', '2024-03-28 20:45:28'),
(129, 42, '2024-03-28 20:45:28', '2024-03-28 20:45:28'),
(157, 42, '2024-03-28 20:45:28', '2024-03-28 20:45:28'),
(40, 43, '2024-03-28 20:45:28', '2024-03-28 20:45:28'),
(151, 43, '2024-03-28 20:45:28', '2024-03-28 20:45:28'),
(20, 44, '2024-03-28 20:45:28', '2024-03-28 20:45:28'),
(26, 44, '2024-03-28 20:45:28', '2024-03-28 20:45:28'),
(42, 44, '2024-03-28 20:45:28', '2024-03-28 20:45:28'),
(54, 44, '2024-03-28 20:45:28', '2024-03-28 20:45:28'),
(95, 44, '2024-03-28 20:45:28', '2024-03-28 20:45:28'),
(89, 45, '2024-03-28 20:45:28', '2024-03-28 20:45:28'),
(134, 45, '2024-03-28 20:45:28', '2024-03-28 20:45:28'),
(44, 46, '2024-03-28 20:45:28', '2024-03-28 20:45:28'),
(72, 46, '2024-03-28 20:45:28', '2024-03-28 20:45:28'),
(145, 46, '2024-03-28 20:45:28', '2024-03-28 20:45:28'),
(46, 47, '2024-03-28 20:45:28', '2024-03-28 20:45:28'),
(67, 47, '2024-03-28 20:45:28', '2024-03-28 20:45:28'),
(163, 47, '2024-03-28 20:45:28', '2024-03-28 20:45:28'),
(167, 47, '2024-03-28 20:45:28', '2024-03-28 20:45:28'),
(56, 48, '2024-03-28 20:45:28', '2024-03-28 20:45:28'),
(82, 48, '2024-03-28 20:45:28', '2024-03-28 20:45:28'),
(116, 48, '2024-03-28 20:45:28', '2024-03-28 20:45:28'),
(150, 48, '2024-03-28 20:45:28', '2024-03-28 20:45:28'),
(63, 49, '2024-03-28 20:45:28', '2024-03-28 20:45:28'),
(103, 50, '2024-03-28 20:45:28', '2024-03-28 20:45:28'),
(123, 50, '2024-03-28 20:45:28', '2024-03-28 20:45:28'),
(144, 50, '2024-03-28 20:45:28', '2024-03-28 20:45:28'),
(48, 51, '2024-03-28 20:45:28', '2024-03-28 20:45:28'),
(93, 51, '2024-03-28 20:45:28', '2024-03-28 20:45:28'),
(114, 51, '2024-03-28 20:45:28', '2024-03-28 20:45:28'),
(161, 51, '2024-03-28 20:45:28', '2024-03-28 20:45:28'),
(99, 52, '2024-03-28 20:45:28', '2024-03-28 20:45:28'),
(125, 52, '2024-03-28 20:45:28', '2024-03-28 20:45:28'),
(131, 52, '2024-03-28 20:45:28', '2024-03-28 20:45:28'),
(136, 52, '2024-03-28 20:45:28', '2024-03-28 20:45:28'),
(44, 53, '2024-03-28 20:45:28', '2024-03-28 20:45:28'),
(73, 54, '2024-03-28 20:45:28', '2024-03-28 20:45:28'),
(155, 54, '2024-03-28 20:45:28', '2024-03-28 20:45:28'),
(25, 55, '2024-03-28 20:45:28', '2024-03-28 20:45:28'),
(125, 55, '2024-03-28 20:45:28', '2024-03-28 20:45:28'),
(18, 56, '2024-03-28 20:45:28', '2024-03-28 20:45:28'),
(88, 56, '2024-03-28 20:45:28', '2024-03-28 20:45:28'),
(49, 57, '2024-03-28 20:45:28', '2024-03-28 20:45:28'),
(117, 57, '2024-03-28 20:45:28', '2024-03-28 20:45:28'),
(125, 57, '2024-03-28 20:45:28', '2024-03-28 20:45:28'),
(19, 58, '2024-03-28 20:45:28', '2024-03-28 20:45:28'),
(33, 58, '2024-03-28 20:45:28', '2024-03-28 20:45:28'),
(45, 58, '2024-03-28 20:45:28', '2024-03-28 20:45:28'),
(64, 58, '2024-03-28 20:45:28', '2024-03-28 20:45:28'),
(123, 58, '2024-03-28 20:45:28', '2024-03-28 20:45:28'),
(15, 59, '2024-03-28 20:45:28', '2024-03-28 20:45:28'),
(24, 59, '2024-03-28 20:45:28', '2024-03-28 20:45:28'),
(41, 59, '2024-03-28 20:45:28', '2024-03-28 20:45:28'),
(72, 59, '2024-03-28 20:45:28', '2024-03-28 20:45:28'),
(84, 60, '2024-03-28 20:45:28', '2024-03-28 20:45:28'),
(81, 61, '2024-03-28 20:45:28', '2024-03-28 20:45:28'),
(141, 61, '2024-03-28 20:45:28', '2024-03-28 20:45:28'),
(163, 61, '2024-03-28 20:45:28', '2024-03-28 20:45:28'),
(54, 62, '2024-03-28 20:45:28', '2024-03-28 20:45:28'),
(95, 62, '2024-03-28 20:45:28', '2024-03-28 20:45:28'),
(131, 62, '2024-03-28 20:45:28', '2024-03-28 20:45:28'),
(149, 62, '2024-03-28 20:45:28', '2024-03-28 20:45:28'),
(160, 62, '2024-03-28 20:45:28', '2024-03-28 20:45:28'),
(14, 63, '2024-03-28 20:45:28', '2024-03-28 20:45:28'),
(15, 63, '2024-03-28 20:45:28', '2024-03-28 20:45:28'),
(108, 63, '2024-03-28 20:45:28', '2024-03-28 20:45:28'),
(146, 63, '2024-03-28 20:45:28', '2024-03-28 20:45:28'),
(43, 64, '2024-03-28 20:45:28', '2024-03-28 20:45:28'),
(111, 64, '2024-03-28 20:45:28', '2024-03-28 20:45:28'),
(43, 65, '2024-03-28 20:45:28', '2024-03-28 20:45:28'),
(119, 65, '2024-03-28 20:45:28', '2024-03-28 20:45:28'),
(22, 66, '2024-03-28 20:45:28', '2024-03-28 20:45:28'),
(120, 66, '2024-03-28 20:45:28', '2024-03-28 20:45:28'),
(132, 66, '2024-03-28 20:45:28', '2024-03-28 20:45:28'),
(142, 66, '2024-03-28 20:45:28', '2024-03-28 20:45:28'),
(150, 66, '2024-03-28 20:45:28', '2024-03-28 20:45:28'),
(25, 67, '2024-03-28 20:45:28', '2024-03-28 20:45:28'),
(32, 67, '2024-03-28 20:45:28', '2024-03-28 20:45:28'),
(124, 67, '2024-03-28 20:45:28', '2024-03-28 20:45:28'),
(127, 67, '2024-03-28 20:45:28', '2024-03-28 20:45:28'),
(131, 67, '2024-03-28 20:45:28', '2024-03-28 20:45:28'),
(82, 68, '2024-03-28 20:45:28', '2024-03-28 20:45:28'),
(90, 68, '2024-03-28 20:45:28', '2024-03-28 20:45:28'),
(110, 68, '2024-03-28 20:45:28', '2024-03-28 20:45:28'),
(162, 68, '2024-03-28 20:45:28', '2024-03-28 20:45:28'),
(17, 69, '2024-03-28 20:45:28', '2024-03-28 20:45:28'),
(41, 69, '2024-03-28 20:45:28', '2024-03-28 20:45:28'),
(47, 70, '2024-03-28 20:45:28', '2024-03-28 20:45:28'),
(58, 70, '2024-03-28 20:45:28', '2024-03-28 20:45:28'),
(161, 70, '2024-03-28 20:45:28', '2024-03-28 20:45:28'),
(90, 71, '2024-03-28 20:45:28', '2024-03-28 20:45:28'),
(85, 72, '2024-03-28 20:45:28', '2024-03-28 20:45:28'),
(15, 73, '2024-03-28 20:45:28', '2024-03-28 20:45:28'),
(59, 73, '2024-03-28 20:45:28', '2024-03-28 20:45:28'),
(65, 73, '2024-03-28 20:45:28', '2024-03-28 20:45:28'),
(71, 73, '2024-03-28 20:45:28', '2024-03-28 20:45:28'),
(27, 74, '2024-03-28 20:45:28', '2024-03-28 20:45:28'),
(106, 74, '2024-03-28 20:45:28', '2024-03-28 20:45:28'),
(146, 75, '2024-03-28 20:45:28', '2024-03-28 20:45:28'),
(20, 76, '2024-03-28 20:45:28', '2024-03-28 20:45:28'),
(34, 77, '2024-03-28 20:45:28', '2024-03-28 20:45:28'),
(67, 77, '2024-03-28 20:45:28', '2024-03-28 20:45:28'),
(163, 77, '2024-03-28 20:45:28', '2024-03-28 20:45:28'),
(64, 78, '2024-03-28 20:45:28', '2024-03-28 20:45:28'),
(92, 78, '2024-03-28 20:45:28', '2024-03-28 20:45:28'),
(111, 78, '2024-03-28 20:45:28', '2024-03-28 20:45:28'),
(133, 78, '2024-03-28 20:45:28', '2024-03-28 20:45:28'),
(25, 79, '2024-03-28 20:45:28', '2024-03-28 20:45:28'),
(77, 79, '2024-03-28 20:45:28', '2024-03-28 20:45:28'),
(107, 80, '2024-03-28 20:45:28', '2024-03-28 20:45:28'),
(110, 80, '2024-03-28 20:45:28', '2024-03-28 20:45:28'),
(123, 80, '2024-03-28 20:45:28', '2024-03-28 20:45:28'),
(153, 81, '2024-03-28 20:45:28', '2024-03-28 20:45:28'),
(72, 82, '2024-03-28 20:45:28', '2024-03-28 20:45:28'),
(124, 82, '2024-03-28 20:45:28', '2024-03-28 20:45:28'),
(128, 82, '2024-03-28 20:45:28', '2024-03-28 20:45:28'),
(142, 82, '2024-03-28 20:45:28', '2024-03-28 20:45:28'),
(73, 83, '2024-03-28 20:45:28', '2024-03-28 20:45:28'),
(120, 83, '2024-03-28 20:45:28', '2024-03-28 20:45:28'),
(149, 83, '2024-03-28 20:45:28', '2024-03-28 20:45:28'),
(98, 84, '2024-03-28 20:45:28', '2024-03-28 20:45:28'),
(125, 84, '2024-03-28 20:45:28', '2024-03-28 20:45:28'),
(91, 85, '2024-03-28 20:45:28', '2024-03-28 20:45:28'),
(116, 85, '2024-03-28 20:45:28', '2024-03-28 20:45:28'),
(112, 86, '2024-03-28 20:45:28', '2024-03-28 20:45:28'),
(25, 87, '2024-03-28 20:45:28', '2024-03-28 20:45:28'),
(122, 87, '2024-03-28 20:45:28', '2024-03-28 20:45:28'),
(142, 87, '2024-03-28 20:45:28', '2024-03-28 20:45:28'),
(75, 88, '2024-03-28 20:45:28', '2024-03-28 20:45:28'),
(101, 88, '2024-03-28 20:45:28', '2024-03-28 20:45:28'),
(79, 89, '2024-03-28 20:45:28', '2024-03-28 20:45:28'),
(17, 90, '2024-03-28 20:45:28', '2024-03-28 20:45:28'),
(27, 90, '2024-03-28 20:45:28', '2024-03-28 20:45:28'),
(58, 90, '2024-03-28 20:45:28', '2024-03-28 20:45:28'),
(75, 90, '2024-03-28 20:45:28', '2024-03-28 20:45:28'),
(154, 90, '2024-03-28 20:45:28', '2024-03-28 20:45:28'),
(56, 91, '2024-03-28 20:45:28', '2024-03-28 20:45:28'),
(108, 91, '2024-03-28 20:45:28', '2024-03-28 20:45:28'),
(150, 91, '2024-03-28 20:45:28', '2024-03-28 20:45:28'),
(157, 91, '2024-03-28 20:45:28', '2024-03-28 20:45:28'),
(53, 92, '2024-03-28 20:45:28', '2024-03-28 20:45:28'),
(41, 95, '2024-03-28 20:45:28', '2024-03-28 20:45:28'),
(96, 95, '2024-03-28 20:45:28', '2024-03-28 20:45:28'),
(103, 95, '2024-03-28 20:45:28', '2024-03-28 20:45:28'),
(130, 95, '2024-03-28 20:45:28', '2024-03-28 20:45:28'),
(160, 95, '2024-03-28 20:45:28', '2024-03-28 20:45:28'),
(14, 96, '2024-03-28 20:45:28', '2024-03-28 20:45:28'),
(114, 96, '2024-03-28 20:45:28', '2024-03-28 20:45:28'),
(33, 98, '2024-03-28 20:45:28', '2024-03-28 20:45:28'),
(39, 98, '2024-03-28 20:45:28', '2024-03-28 20:45:28'),
(87, 98, '2024-03-28 20:45:28', '2024-03-28 20:45:28'),
(113, 98, '2024-03-28 20:45:28', '2024-03-28 20:45:28'),
(39, 99, '2024-03-28 20:45:28', '2024-03-28 20:45:28'),
(119, 99, '2024-03-28 20:45:28', '2024-03-28 20:45:28'),
(127, 99, '2024-03-28 20:45:28', '2024-03-28 20:45:28'),
(143, 99, '2024-03-28 20:45:28', '2024-03-28 20:45:28'),
(43, 100, '2024-03-28 20:45:28', '2024-03-28 20:45:28'),
(68, 100, '2024-03-28 20:45:28', '2024-03-28 20:45:28'),
(107, 100, '2024-03-28 20:45:28', '2024-03-28 20:45:28'),
(170, 100, '2024-03-28 20:45:28', '2024-03-28 20:45:28'),
(14, 101, '2024-03-28 20:45:28', '2024-03-28 20:45:28'),
(149, 101, '2024-03-28 20:45:28', '2024-03-28 20:45:28'),
(23, 102, '2024-03-28 20:45:28', '2024-03-28 20:45:28'),
(73, 102, '2024-03-28 20:45:28', '2024-03-28 20:45:28'),
(90, 102, '2024-03-28 20:45:28', '2024-03-28 20:45:28'),
(107, 102, '2024-03-28 20:45:28', '2024-03-28 20:45:28'),
(132, 102, '2024-03-28 20:45:28', '2024-03-28 20:45:28'),
(14, 103, '2024-03-28 20:45:28', '2024-03-28 20:45:28'),
(64, 103, '2024-03-28 20:45:28', '2024-03-28 20:45:28'),
(100, 103, '2024-03-28 20:45:28', '2024-03-28 20:45:28'),
(117, 103, '2024-03-28 20:45:28', '2024-03-28 20:45:28'),
(27, 104, '2024-03-28 20:45:28', '2024-03-28 20:45:28'),
(44, 104, '2024-03-28 20:45:28', '2024-03-28 20:45:28'),
(79, 104, '2024-03-28 20:45:28', '2024-03-28 20:45:28'),
(98, 104, '2024-03-28 20:45:28', '2024-03-28 20:45:28'),
(134, 104, '2024-03-28 20:45:28', '2024-03-28 20:45:28'),
(19, 105, '2024-03-28 20:45:28', '2024-03-28 20:45:28'),
(90, 105, '2024-03-28 20:45:28', '2024-03-28 20:45:28'),
(91, 105, '2024-03-28 20:45:28', '2024-03-28 20:45:28'),
(23, 106, '2024-03-28 20:45:28', '2024-03-28 20:45:28'),
(60, 106, '2024-03-28 20:45:28', '2024-03-28 20:45:28'),
(113, 106, '2024-03-28 20:45:28', '2024-03-28 20:45:28'),
(132, 106, '2024-03-28 20:45:28', '2024-03-28 20:45:28'),
(90, 107, '2024-03-28 20:45:28', '2024-03-28 20:45:28'),
(149, 107, '2024-03-28 20:45:28', '2024-03-28 20:45:28'),
(160, 107, '2024-03-28 20:45:28', '2024-03-28 20:45:28'),
(36, 108, '2024-03-28 20:45:28', '2024-03-28 20:45:28'),
(53, 108, '2024-03-28 20:45:28', '2024-03-28 20:45:28'),
(55, 108, '2024-03-28 20:45:28', '2024-03-28 20:45:28'),
(82, 108, '2024-03-28 20:45:28', '2024-03-28 20:45:28'),
(155, 108, '2024-03-28 20:45:28', '2024-03-28 20:45:28'),
(44, 109, '2024-03-28 20:45:28', '2024-03-28 20:45:28'),
(51, 109, '2024-03-28 20:45:28', '2024-03-28 20:45:28'),
(95, 109, '2024-03-28 20:45:28', '2024-03-28 20:45:28'),
(144, 109, '2024-03-28 20:45:28', '2024-03-28 20:45:28'),
(158, 109, '2024-03-28 20:45:28', '2024-03-28 20:45:28'),
(44, 110, '2024-03-28 20:45:28', '2024-03-28 20:45:28'),
(105, 110, '2024-03-28 20:45:28', '2024-03-28 20:45:28'),
(140, 110, '2024-03-28 20:45:28', '2024-03-28 20:45:28'),
(85, 111, '2024-03-28 20:45:28', '2024-03-28 20:45:28'),
(58, 112, '2024-03-28 20:45:28', '2024-03-28 20:45:28'),
(87, 112, '2024-03-28 20:45:28', '2024-03-28 20:45:28'),
(133, 113, '2024-03-28 20:45:28', '2024-03-28 20:45:28'),
(26, 114, '2024-03-28 20:45:28', '2024-03-28 20:45:28'),
(66, 114, '2024-03-28 20:45:28', '2024-03-28 20:45:28'),
(166, 114, '2024-03-28 20:45:28', '2024-03-28 20:45:28'),
(19, 115, '2024-03-28 20:45:28', '2024-03-28 20:45:28'),
(53, 115, '2024-03-28 20:45:28', '2024-03-28 20:45:28'),
(87, 115, '2024-03-28 20:45:28', '2024-03-28 20:45:28'),
(161, 115, '2024-03-28 20:45:28', '2024-03-28 20:45:28'),
(14, 116, '2024-03-28 20:45:28', '2024-03-28 20:45:28'),
(22, 116, '2024-03-28 20:45:28', '2024-03-28 20:45:28'),
(47, 116, '2024-03-28 20:45:28', '2024-03-28 20:45:28'),
(99, 116, '2024-03-28 20:45:28', '2024-03-28 20:45:28'),
(161, 117, '2024-03-28 20:45:28', '2024-03-28 20:45:28'),
(148, 118, '2024-03-28 20:45:28', '2024-03-28 20:45:28'),
(28, 119, '2024-03-28 20:45:28', '2024-03-28 20:45:28'),
(39, 119, '2024-03-28 20:45:28', '2024-03-28 20:45:28'),
(103, 119, '2024-03-28 20:45:28', '2024-03-28 20:45:28'),
(108, 119, '2024-03-28 20:45:28', '2024-03-28 20:45:28'),
(122, 120, '2024-03-28 20:45:28', '2024-03-28 20:45:28'),
(90, 121, '2024-03-28 20:45:28', '2024-03-28 20:45:28'),
(98, 121, '2024-03-28 20:45:28', '2024-03-28 20:45:28'),
(92, 122, '2024-03-28 20:45:28', '2024-03-28 20:45:28'),
(145, 122, '2024-03-28 20:45:28', '2024-03-28 20:45:28'),
(95, 123, '2024-03-28 20:45:28', '2024-03-28 20:45:28'),
(122, 123, '2024-03-28 20:45:28', '2024-03-28 20:45:28'),
(129, 123, '2024-03-28 20:45:28', '2024-03-28 20:45:28'),
(75, 124, '2024-03-28 20:45:28', '2024-03-28 20:45:28'),
(114, 124, '2024-03-28 20:45:28', '2024-03-28 20:45:28'),
(115, 124, '2024-03-28 20:45:28', '2024-03-28 20:45:28'),
(82, 125, '2024-03-28 20:45:28', '2024-03-28 20:45:28'),
(105, 125, '2024-03-28 20:45:28', '2024-03-28 20:45:28'),
(91, 126, '2024-03-28 20:45:28', '2024-03-28 20:45:28'),
(106, 126, '2024-03-28 20:45:28', '2024-03-28 20:45:28'),
(118, 126, '2024-03-28 20:45:28', '2024-03-28 20:45:28'),
(144, 126, '2024-03-28 20:45:28', '2024-03-28 20:45:28'),
(70, 127, '2024-03-28 20:45:28', '2024-03-28 20:45:28'),
(100, 127, '2024-03-28 20:45:28', '2024-03-28 20:45:28'),
(137, 127, '2024-03-28 20:45:28', '2024-03-28 20:45:28'),
(61, 128, '2024-03-28 20:45:28', '2024-03-28 20:45:28'),
(62, 128, '2024-03-28 20:45:28', '2024-03-28 20:45:28'),
(151, 128, '2024-03-28 20:45:28', '2024-03-28 20:45:28'),
(16, 129, '2024-03-28 20:45:28', '2024-03-28 20:45:28'),
(69, 129, '2024-03-28 20:45:28', '2024-03-28 20:45:28'),
(82, 129, '2024-03-28 20:45:28', '2024-03-28 20:45:28'),
(37, 130, '2024-03-28 20:45:28', '2024-03-28 20:45:28'),
(40, 130, '2024-03-28 20:45:28', '2024-03-28 20:45:28'),
(44, 130, '2024-03-28 20:45:28', '2024-03-28 20:45:28'),
(80, 130, '2024-03-28 20:45:28', '2024-03-28 20:45:28'),
(168, 130, '2024-03-28 20:45:28', '2024-03-28 20:45:28'),
(58, 131, '2024-03-28 20:45:28', '2024-03-28 20:45:28'),
(54, 132, '2024-03-28 20:45:28', '2024-03-28 20:45:28'),
(60, 132, '2024-03-28 20:45:28', '2024-03-28 20:45:28'),
(139, 132, '2024-03-28 20:45:28', '2024-03-28 20:45:28'),
(101, 133, '2024-03-28 20:45:28', '2024-03-28 20:45:28'),
(105, 133, '2024-03-28 20:45:28', '2024-03-28 20:45:28'),
(127, 134, '2024-03-28 20:45:28', '2024-03-28 20:45:28'),
(168, 134, '2024-03-28 20:45:28', '2024-03-28 20:45:28'),
(47, 135, '2024-03-28 20:45:28', '2024-03-28 20:45:28'),
(61, 135, '2024-03-28 20:45:28', '2024-03-28 20:45:28'),
(101, 135, '2024-03-28 20:45:28', '2024-03-28 20:45:28'),
(127, 135, '2024-03-28 20:45:28', '2024-03-28 20:45:28'),
(148, 135, '2024-03-28 20:45:28', '2024-03-28 20:45:28'),
(14, 136, '2024-03-28 20:45:28', '2024-03-28 20:45:28'),
(43, 136, '2024-03-28 20:45:28', '2024-03-28 20:45:28'),
(108, 136, '2024-03-28 20:45:28', '2024-03-28 20:45:28'),
(127, 136, '2024-03-28 20:45:28', '2024-03-28 20:45:28'),
(158, 136, '2024-03-28 20:45:28', '2024-03-28 20:45:28'),
(165, 137, '2024-03-28 20:45:28', '2024-03-28 20:45:28'),
(38, 138, '2024-03-28 20:45:28', '2024-03-28 20:45:28'),
(70, 138, '2024-03-28 20:45:28', '2024-03-28 20:45:28'),
(65, 139, '2024-03-28 20:45:28', '2024-03-28 20:45:28'),
(70, 140, '2024-03-28 20:45:28', '2024-03-28 20:45:28'),
(119, 140, '2024-03-28 20:45:28', '2024-03-28 20:45:28'),
(67, 141, '2024-03-28 20:45:28', '2024-03-28 20:45:28'),
(68, 141, '2024-03-28 20:45:28', '2024-03-28 20:45:28'),
(70, 141, '2024-03-28 20:45:28', '2024-03-28 20:45:28'),
(83, 141, '2024-03-28 20:45:28', '2024-03-28 20:45:28'),
(132, 141, '2024-03-28 20:45:28', '2024-03-28 20:45:28'),
(37, 142, '2024-03-28 20:45:28', '2024-03-28 20:45:28'),
(107, 142, '2024-03-28 20:45:28', '2024-03-28 20:45:28'),
(150, 142, '2024-03-28 20:45:28', '2024-03-28 20:45:28'),
(85, 143, '2024-03-28 20:45:28', '2024-03-28 20:45:28'),
(106, 143, '2024-03-28 20:45:28', '2024-03-28 20:45:28'),
(114, 143, '2024-03-28 20:45:28', '2024-03-28 20:45:28'),
(131, 143, '2024-03-28 20:45:28', '2024-03-28 20:45:28'),
(162, 143, '2024-03-28 20:45:28', '2024-03-28 20:45:28'),
(166, 144, '2024-03-28 20:45:28', '2024-03-28 20:45:28'),
(19, 145, '2024-03-28 20:45:28', '2024-03-28 20:45:28'),
(114, 145, '2024-03-28 20:45:28', '2024-03-28 20:45:28'),
(148, 145, '2024-03-28 20:45:28', '2024-03-28 20:45:28'),
(167, 145, '2024-03-28 20:45:28', '2024-03-28 20:45:28'),
(24, 146, '2024-03-28 20:45:28', '2024-03-28 20:45:28'),
(101, 146, '2024-03-28 20:45:28', '2024-03-28 20:45:28'),
(111, 146, '2024-03-28 20:45:28', '2024-03-28 20:45:28'),
(21, 147, '2024-03-28 20:45:28', '2024-03-28 20:45:28'),
(111, 147, '2024-03-28 20:45:28', '2024-03-28 20:45:28'),
(92, 148, '2024-03-28 20:45:28', '2024-03-28 20:45:28'),
(102, 148, '2024-03-28 20:45:28', '2024-03-28 20:45:28'),
(146, 148, '2024-03-28 20:45:28', '2024-03-28 20:45:28'),
(105, 149, '2024-03-28 20:45:28', '2024-03-28 20:45:28'),
(38, 150, '2024-03-28 20:45:28', '2024-03-28 20:45:28'),
(105, 150, '2024-03-28 20:45:28', '2024-03-28 20:45:28'),
(161, 150, '2024-03-28 20:45:28', '2024-03-28 20:45:28'),
(83, 151, '2024-03-28 20:45:28', '2024-03-28 20:45:28'),
(144, 151, '2024-03-28 20:45:28', '2024-03-28 20:45:28'),
(147, 151, '2024-03-28 20:45:28', '2024-03-28 20:45:28'),
(25, 152, '2024-03-28 20:45:28', '2024-03-28 20:45:28'),
(151, 152, '2024-03-28 20:45:28', '2024-03-28 20:45:28'),
(163, 152, '2024-03-28 20:45:28', '2024-03-28 20:45:28'),
(14, 153, '2024-03-28 20:45:28', '2024-03-28 20:45:28'),
(64, 154, '2024-03-28 20:45:28', '2024-03-28 20:45:28'),
(66, 154, '2024-03-28 20:45:28', '2024-03-28 20:45:28'),
(93, 154, '2024-03-28 20:45:28', '2024-03-28 20:45:28'),
(111, 154, '2024-03-28 20:45:28', '2024-03-28 20:45:28'),
(120, 154, '2024-03-28 20:45:28', '2024-03-28 20:45:28'),
(47, 155, '2024-03-28 20:45:28', '2024-03-28 20:45:28'),
(153, 155, '2024-03-28 20:45:28', '2024-03-28 20:45:28'),
(157, 155, '2024-03-28 20:45:28', '2024-03-28 20:45:28'),
(158, 155, '2024-03-28 20:45:28', '2024-03-28 20:45:28'),
(61, 156, '2024-03-28 20:45:28', '2024-03-28 20:45:28'),
(159, 156, '2024-03-28 20:45:28', '2024-03-28 20:45:28'),
(162, 156, '2024-03-28 20:45:28', '2024-03-28 20:45:28'),
(40, 157, '2024-03-28 20:45:28', '2024-03-28 20:45:28'),
(55, 157, '2024-03-28 20:45:28', '2024-03-28 20:45:28'),
(118, 157, '2024-03-28 20:45:28', '2024-03-28 20:45:28'),
(103, 158, '2024-03-28 20:45:28', '2024-03-28 20:45:28'),
(151, 158, '2024-03-28 20:45:28', '2024-03-28 20:45:28'),
(156, 158, '2024-03-28 20:45:28', '2024-03-28 20:45:28'),
(19, 160, '2024-03-28 20:45:28', '2024-03-28 20:45:28'),
(112, 160, '2024-03-28 20:45:28', '2024-03-28 20:45:28'),
(79, 161, '2024-03-28 20:45:28', '2024-03-28 20:45:28'),
(135, 161, '2024-03-28 20:45:28', '2024-03-28 20:45:28'),
(159, 161, '2024-03-28 20:45:28', '2024-03-28 20:45:28'),
(53, 162, '2024-03-28 20:45:28', '2024-03-28 20:45:28'),
(62, 162, '2024-03-28 20:45:28', '2024-03-28 20:45:28'),
(153, 162, '2024-03-28 20:45:28', '2024-03-28 20:45:28'),
(132, 163, '2024-03-28 20:45:28', '2024-03-28 20:45:28'),
(62, 164, '2024-03-28 20:45:28', '2024-03-28 20:45:28'),
(94, 164, '2024-03-28 20:45:28', '2024-03-28 20:45:28'),
(169, 164, '2024-03-28 20:45:28', '2024-03-28 20:45:28'),
(80, 165, '2024-03-28 20:45:28', '2024-03-28 20:45:28'),
(96, 166, '2024-03-28 20:45:28', '2024-03-28 20:45:28'),
(31, 167, '2024-03-28 20:45:28', '2024-03-28 20:45:28'),
(34, 167, '2024-03-28 20:45:28', '2024-03-28 20:45:28'),
(38, 167, '2024-03-28 20:45:28', '2024-03-28 20:45:28'),
(60, 167, '2024-03-28 20:45:28', '2024-03-28 20:45:28'),
(170, 168, '2024-03-28 20:45:28', '2024-03-28 20:45:28'),
(41, 169, '2024-03-28 20:45:28', '2024-03-28 20:45:28'),
(91, 169, '2024-03-28 20:45:28', '2024-03-28 20:45:28'),
(98, 169, '2024-03-28 20:45:28', '2024-03-28 20:45:28'),
(101, 169, '2024-03-28 20:45:28', '2024-03-28 20:45:28'),
(67, 170, '2024-03-28 20:45:28', '2024-03-28 20:45:28');

-- --------------------------------------------------------

--
-- Структура таблицы `ideas`
--

CREATE TABLE `ideas` (
  `id` bigint UNSIGNED NOT NULL,
  `user_id` bigint UNSIGNED NOT NULL,
  `content` varchar(255) COLLATE utf8mb4_unicode_ci NOT NULL,
  `created_at` timestamp NULL DEFAULT NULL,
  `updated_at` timestamp NULL DEFAULT NULL
) ENGINE=InnoDB DEFAULT CHARSET=utf8mb4 COLLATE=utf8mb4_unicode_ci;

--
-- Дамп данных таблицы `ideas`
--

INSERT INTO `ideas` (`id`, `user_id`, `content`, `created_at`, `updated_at`) VALUES
(7, 51, 'edited', '2024-03-28 20:18:49', '2024-03-28 22:37:52'),
(8, 52, 'Qui rem nihil eos.', '2024-03-28 20:18:49', '2024-03-28 20:18:49'),
(9, 53, 'Culpa quibusdam minus dolores aliquam sed.', '2024-03-28 20:18:49', '2024-03-28 20:18:49'),
(10, 54, 'Maiores qui qui consectetur.', '2024-03-28 20:18:49', '2024-03-28 20:18:49'),
(11, 55, 'Sint unde suscipit pariatur et ratione cumque assumenda.', '2024-03-28 20:18:49', '2024-03-28 20:18:49'),
(12, 56, 'Unde quos ducimus vel.', '2024-03-28 20:18:49', '2024-03-28 20:18:49'),
(13, 57, 'Nulla tempore est dolore fugit consequuntur.', '2024-03-28 20:18:49', '2024-03-28 20:18:49'),
(14, 58, 'Doloribus molestiae alias vero cumque sed iste non.', '2024-03-28 20:18:49', '2024-03-28 20:18:49'),
(15, 59, 'Officiis deleniti qui a sit.', '2024-03-28 20:18:49', '2024-03-28 20:18:49'),
(16, 60, 'Aut quam enim voluptas non vel.', '2024-03-28 20:18:49', '2024-03-28 20:18:49'),
(17, 61, 'Deserunt tempore quos corrupti pariatur.', '2024-03-28 20:18:49', '2024-03-28 20:18:49'),
(18, 62, 'Laboriosam maxime doloremque sed ducimus itaque hic accusamus tenetur.', '2024-03-28 20:18:49', '2024-03-28 20:18:49'),
(19, 63, 'Dicta ut sapiente velit molestiae.', '2024-03-28 20:18:49', '2024-03-28 20:18:49'),
(20, 64, 'Quasi delectus ut ipsam totam.', '2024-03-28 20:18:49', '2024-03-28 20:18:49'),
(21, 65, 'Deserunt ea nam occaecati dolores ut omnis dignissimos.', '2024-03-28 20:18:49', '2024-03-28 20:18:49'),
(22, 66, 'Nemo nobis doloribus aut doloremque corrupti dignissimos.', '2024-03-28 20:18:49', '2024-03-28 20:18:49'),
(23, 67, 'Sequi delectus tempora est minus veritatis ut repellendus et.', '2024-03-28 20:18:49', '2024-03-28 20:18:49'),
(24, 68, 'Qui ut quibusdam architecto rerum consequuntur sunt.', '2024-03-28 20:18:49', '2024-03-28 20:18:49'),
(25, 69, 'Sequi quis ducimus doloribus quis non.', '2024-03-28 20:18:49', '2024-03-28 20:18:49'),
(26, 70, 'Qui exercitationem eum aut non nihil error excepturi.', '2024-03-28 20:18:49', '2024-03-28 20:18:49'),
(27, 72, 'Dolores quod quia vitae rerum aut aut optio delectus.', '2024-03-28 20:18:49', '2024-03-28 20:18:49'),
(28, 74, 'Omnis ducimus saepe et corporis rerum.', '2024-03-28 20:18:49', '2024-03-28 20:18:49'),
(29, 76, 'Velit vitae sit eos cumque est et.', '2024-03-28 20:18:49', '2024-03-28 20:18:49'),
(30, 78, 'Quo reiciendis possimus quisquam cupiditate et.', '2024-03-28 20:18:49', '2024-03-28 20:18:49'),
(31, 80, 'Culpa consequatur maiores ut.', '2024-03-28 20:18:49', '2024-03-28 20:18:49'),
(32, 82, 'Itaque qui aut aut cupiditate illo reiciendis iusto.', '2024-03-28 20:18:49', '2024-03-28 20:18:49'),
(33, 84, 'Excepturi repellat quo dolorem reprehenderit exercitationem voluptate nam.', '2024-03-28 20:18:49', '2024-03-28 20:18:49'),
(34, 86, 'Suscipit enim aut sed minima quidem numquam.', '2024-03-28 20:18:49', '2024-03-28 20:18:49'),
(35, 88, 'Unde quos voluptatem sunt cumque nam ea quae.', '2024-03-28 20:18:49', '2024-03-28 20:18:49'),
(36, 90, 'Laudantium et aut autem reprehenderit praesentium.', '2024-03-28 20:18:49', '2024-03-28 20:18:49'),
(37, 92, 'Est ut labore fugit et.', '2024-03-28 20:18:49', '2024-03-28 20:18:49'),
(38, 94, 'Ea non pariatur rerum quisquam consectetur aut explicabo.', '2024-03-28 20:18:49', '2024-03-28 20:18:49'),
(39, 96, 'Ipsam quos et nisi sed quia.', '2024-03-28 20:18:49', '2024-03-28 20:18:49'),
(40, 98, 'Minima aperiam voluptas doloremque ullam harum consequatur ipsum.', '2024-03-28 20:18:49', '2024-03-28 20:18:49'),
(41, 100, 'Quam quia sit cumque.', '2024-03-28 20:18:49', '2024-03-28 20:18:49'),
(42, 102, 'Qui quod impedit saepe sint rem excepturi.', '2024-03-28 20:18:49', '2024-03-28 20:18:49'),
(43, 104, 'Distinctio in ab illo molestiae cupiditate.', '2024-03-28 20:18:49', '2024-03-28 20:18:49'),
(44, 106, 'Fugiat earum repudiandae aut reprehenderit temporibus voluptas aut consequuntur.', '2024-03-28 20:18:49', '2024-03-28 20:18:49'),
(45, 108, 'Ex sunt vel neque veritatis et iusto sed.', '2024-03-28 20:18:49', '2024-03-28 20:18:49'),
(46, 110, 'Rerum voluptatem non sunt provident cupiditate iusto.', '2024-03-28 20:18:49', '2024-03-28 20:18:49'),
(47, 112, 'Et officia perspiciatis labore quis.', '2024-03-28 20:18:49', '2024-03-28 20:18:49'),
(48, 114, 'Necessitatibus hic autem velit qui ipsum architecto.', '2024-03-28 20:18:49', '2024-03-28 20:18:49'),
(49, 116, 'Et doloremque modi reiciendis iusto vel.', '2024-03-28 20:18:49', '2024-03-28 20:18:49'),
(50, 118, 'Non rerum error sunt sed ut est tempora.', '2024-03-28 20:18:49', '2024-03-28 20:18:49'),
(51, 120, 'Et et libero consectetur et dignissimos dolor enim.', '2024-03-28 20:18:49', '2024-03-28 20:18:49'),
(52, 122, 'Omnis dolorem harum officiis ratione.', '2024-03-28 20:18:49', '2024-03-28 20:18:49'),
(53, 124, 'Nihil saepe ipsam dolores esse inventore eum.', '2024-03-28 20:18:49', '2024-03-28 20:18:49'),
(54, 126, 'Omnis dolorum vero autem voluptas quia dolores.', '2024-03-28 20:18:49', '2024-03-28 20:18:49'),
(55, 128, 'Eveniet magnam praesentium animi rerum.', '2024-03-28 20:18:49', '2024-03-28 20:18:49'),
(56, 130, 'Qui ipsa nostrum quia quia.', '2024-03-28 20:18:49', '2024-03-28 20:18:49'),
(57, 132, 'Et soluta error eos saepe quasi.', '2024-03-28 20:18:49', '2024-03-28 20:18:49'),
(58, 134, 'Molestiae facere dolore iusto aliquid beatae rerum et.', '2024-03-28 20:18:49', '2024-03-28 20:18:49'),
(59, 136, 'Quia adipisci incidunt animi illo.', '2024-03-28 20:18:49', '2024-03-28 20:18:49'),
(60, 138, 'Expedita molestias dignissimos ut excepturi expedita dolor.', '2024-03-28 20:18:49', '2024-03-28 20:18:49'),
(61, 140, 'Dolor pariatur iure quia natus dignissimos et rerum.', '2024-03-28 20:18:49', '2024-03-28 20:18:49'),
(62, 142, 'Sapiente magni nesciunt quam quia itaque repellat.', '2024-03-28 20:18:49', '2024-03-28 20:18:49'),
(63, 144, 'Beatae non atque qui sint.', '2024-03-28 20:18:49', '2024-03-28 20:18:49'),
(64, 146, 'Quisquam accusantium sequi consectetur voluptatem voluptas.', '2024-03-28 20:18:49', '2024-03-28 20:18:49'),
(65, 148, 'Molestiae sint deleniti sint aliquam consequatur sed.', '2024-03-28 20:18:49', '2024-03-28 20:18:49'),
(66, 150, 'Impedit fugit quibusdam voluptatem hic quae eos quasi sunt.', '2024-03-28 20:18:49', '2024-03-28 20:18:49'),
(67, 152, 'Qui ea harum rerum nihil fugiat optio.', '2024-03-28 20:18:49', '2024-03-28 20:18:49'),
(68, 154, 'Perferendis repudiandae beatae quod rerum minus.', '2024-03-28 20:18:49', '2024-03-28 20:18:49'),
(69, 156, 'Qui numquam officia aspernatur reprehenderit necessitatibus sint.', '2024-03-28 20:18:49', '2024-03-28 20:18:49'),
(70, 158, 'Consequatur ipsam perspiciatis amet veniam.', '2024-03-28 20:18:49', '2024-03-28 20:18:49'),
(71, 160, 'Enim ut et impedit.', '2024-03-28 20:18:49', '2024-03-28 20:18:49'),
(72, 162, 'Magni voluptates et voluptas sit nihil eos laudantium.', '2024-03-28 20:18:49', '2024-03-28 20:18:49'),
(73, 164, 'Ut dolorum cumque laborum et eum sunt eveniet.', '2024-03-28 20:18:49', '2024-03-28 20:18:49'),
(74, 166, 'Qui placeat quis sit ut qui tempora aut qui.', '2024-03-28 20:18:49', '2024-03-28 20:18:49'),
(75, 168, 'Esse libero iste ad labore.', '2024-03-28 20:18:49', '2024-03-28 20:18:49'),
(76, 170, 'Harum aliquam unde quaerat qui cumque.', '2024-03-28 20:18:49', '2024-03-28 20:18:49');

-- --------------------------------------------------------

--
-- Структура таблицы `idea_like`
--

CREATE TABLE `idea_like` (
  `id` bigint UNSIGNED NOT NULL,
  `user_id` bigint UNSIGNED NOT NULL,
  `idea_id` bigint UNSIGNED NOT NULL,
  `created_at` timestamp NULL DEFAULT NULL,
  `updated_at` timestamp NULL DEFAULT NULL
) ENGINE=InnoDB DEFAULT CHARSET=utf8mb4 COLLATE=utf8mb4_unicode_ci;

--
-- Дамп данных таблицы `idea_like`
--

INSERT INTO `idea_like` (`id`, `user_id`, `idea_id`, `created_at`, `updated_at`) VALUES
(79, 14, 32, '2024-03-28 20:46:52', '2024-03-28 20:46:52'),
(80, 14, 44, '2024-03-28 20:46:52', '2024-03-28 20:46:52'),
(81, 14, 60, '2024-03-28 20:46:52', '2024-03-28 20:46:52'),
(82, 14, 67, '2024-03-28 20:46:52', '2024-03-28 20:46:52'),
(83, 14, 72, '2024-03-28 20:46:52', '2024-03-28 20:46:52'),
(84, 15, 44, '2024-03-28 20:46:52', '2024-03-28 20:46:52'),
(85, 15, 64, '2024-03-28 20:46:52', '2024-03-28 20:46:52'),
(86, 15, 65, '2024-03-28 20:46:52', '2024-03-28 20:46:52'),
(87, 15, 66, '2024-03-28 20:46:52', '2024-03-28 20:46:52'),
(88, 15, 70, '2024-03-28 20:46:52', '2024-03-28 20:46:52'),
(89, 16, 26, '2024-03-28 20:46:52', '2024-03-28 20:46:52'),
(90, 17, 74, '2024-03-28 20:46:52', '2024-03-28 20:46:52'),
(92, 18, 22, '2024-03-28 20:46:52', '2024-03-28 20:46:52'),
(93, 18, 37, '2024-03-28 20:46:52', '2024-03-28 20:46:52'),
(94, 18, 55, '2024-03-28 20:46:52', '2024-03-28 20:46:52'),
(95, 18, 69, '2024-03-28 20:46:52', '2024-03-28 20:46:52'),
(96, 19, 14, '2024-03-28 20:46:52', '2024-03-28 20:46:52'),
(97, 19, 29, '2024-03-28 20:46:52', '2024-03-28 20:46:52'),
(98, 19, 33, '2024-03-28 20:46:52', '2024-03-28 20:46:52'),
(99, 19, 34, '2024-03-28 20:46:52', '2024-03-28 20:46:52'),
(100, 19, 38, '2024-03-28 20:46:52', '2024-03-28 20:46:52'),
(102, 20, 16, '2024-03-28 20:46:52', '2024-03-28 20:46:52'),
(103, 20, 31, '2024-03-28 20:46:52', '2024-03-28 20:46:52'),
(104, 20, 32, '2024-03-28 20:46:52', '2024-03-28 20:46:52'),
(105, 20, 34, '2024-03-28 20:46:52', '2024-03-28 20:46:52'),
(106, 20, 44, '2024-03-28 20:46:52', '2024-03-28 20:46:52'),
(107, 20, 54, '2024-03-28 20:46:52', '2024-03-28 20:46:52'),
(108, 21, 30, '2024-03-28 20:46:52', '2024-03-28 20:46:52'),
(109, 21, 35, '2024-03-28 20:46:52', '2024-03-28 20:46:52'),
(110, 21, 40, '2024-03-28 20:46:52', '2024-03-28 20:46:52'),
(111, 21, 53, '2024-03-28 20:46:52', '2024-03-28 20:46:52'),
(112, 21, 64, '2024-03-28 20:46:52', '2024-03-28 20:46:52'),
(114, 22, 25, '2024-03-28 20:46:52', '2024-03-28 20:46:52'),
(115, 22, 46, '2024-03-28 20:46:52', '2024-03-28 20:46:52'),
(116, 22, 49, '2024-03-28 20:46:52', '2024-03-28 20:46:52'),
(117, 22, 56, '2024-03-28 20:46:52', '2024-03-28 20:46:52'),
(118, 22, 74, '2024-03-28 20:46:52', '2024-03-28 20:46:52'),
(119, 23, 14, '2024-03-28 20:46:52', '2024-03-28 20:46:52'),
(120, 23, 54, '2024-03-28 20:46:52', '2024-03-28 20:46:52'),
(121, 23, 59, '2024-03-28 20:46:52', '2024-03-28 20:46:52'),
(122, 24, 11, '2024-03-28 20:46:52', '2024-03-28 20:46:52'),
(123, 24, 16, '2024-03-28 20:46:52', '2024-03-28 20:46:52'),
(124, 24, 24, '2024-03-28 20:46:52', '2024-03-28 20:46:52'),
(126, 25, 11, '2024-03-28 20:46:52', '2024-03-28 20:46:52'),
(127, 25, 20, '2024-03-28 20:46:52', '2024-03-28 20:46:52'),
(128, 25, 28, '2024-03-28 20:46:52', '2024-03-28 20:46:52'),
(129, 25, 37, '2024-03-28 20:46:52', '2024-03-28 20:46:52'),
(130, 25, 44, '2024-03-28 20:46:52', '2024-03-28 20:46:52'),
(131, 25, 69, '2024-03-28 20:46:52', '2024-03-28 20:46:52'),
(133, 26, 57, '2024-03-28 20:46:52', '2024-03-28 20:46:52'),
(134, 26, 59, '2024-03-28 20:46:52', '2024-03-28 20:46:52'),
(135, 26, 71, '2024-03-28 20:46:52', '2024-03-28 20:46:52'),
(136, 27, 18, '2024-03-28 20:46:52', '2024-03-28 20:46:52'),
(137, 27, 19, '2024-03-28 20:46:52', '2024-03-28 20:46:52'),
(138, 27, 33, '2024-03-28 20:46:52', '2024-03-28 20:46:52'),
(139, 27, 38, '2024-03-28 20:46:52', '2024-03-28 20:46:52'),
(140, 27, 39, '2024-03-28 20:46:52', '2024-03-28 20:46:52'),
(141, 27, 74, '2024-03-28 20:46:52', '2024-03-28 20:46:52'),
(142, 28, 32, '2024-03-28 20:46:52', '2024-03-28 20:46:52'),
(143, 28, 53, '2024-03-28 20:46:52', '2024-03-28 20:46:52'),
(144, 28, 69, '2024-03-28 20:46:52', '2024-03-28 20:46:52'),
(146, 29, 18, '2024-03-28 20:46:52', '2024-03-28 20:46:52'),
(147, 29, 23, '2024-03-28 20:46:52', '2024-03-28 20:46:52'),
(149, 30, 8, '2024-03-28 20:46:52', '2024-03-28 20:46:52'),
(150, 30, 14, '2024-03-28 20:46:52', '2024-03-28 20:46:52'),
(151, 30, 16, '2024-03-28 20:46:52', '2024-03-28 20:46:52'),
(152, 30, 34, '2024-03-28 20:46:52', '2024-03-28 20:46:52'),
(153, 30, 58, '2024-03-28 20:46:52', '2024-03-28 20:46:52'),
(154, 31, 22, '2024-03-28 20:46:52', '2024-03-28 20:46:52'),
(155, 31, 53, '2024-03-28 20:46:52', '2024-03-28 20:46:52'),
(156, 31, 60, '2024-03-28 20:46:52', '2024-03-28 20:46:52'),
(157, 31, 63, '2024-03-28 20:46:52', '2024-03-28 20:46:52'),
(158, 31, 76, '2024-03-28 20:46:52', '2024-03-28 20:46:52'),
(159, 32, 25, '2024-03-28 20:46:52', '2024-03-28 20:46:52'),
(160, 32, 28, '2024-03-28 20:46:52', '2024-03-28 20:46:52'),
(161, 32, 40, '2024-03-28 20:46:52', '2024-03-28 20:46:52'),
(162, 32, 53, '2024-03-28 20:46:52', '2024-03-28 20:46:52'),
(163, 33, 16, '2024-03-28 20:46:52', '2024-03-28 20:46:52'),
(164, 33, 18, '2024-03-28 20:46:52', '2024-03-28 20:46:52'),
(165, 33, 27, '2024-03-28 20:46:52', '2024-03-28 20:46:52'),
(166, 33, 29, '2024-03-28 20:46:52', '2024-03-28 20:46:52'),
(167, 33, 36, '2024-03-28 20:46:52', '2024-03-28 20:46:52'),
(168, 33, 76, '2024-03-28 20:46:52', '2024-03-28 20:46:52'),
(169, 34, 30, '2024-03-28 20:46:52', '2024-03-28 20:46:52'),
(170, 34, 38, '2024-03-28 20:46:52', '2024-03-28 20:46:52'),
(171, 34, 64, '2024-03-28 20:46:52', '2024-03-28 20:46:52'),
(172, 35, 15, '2024-03-28 20:46:52', '2024-03-28 20:46:52'),
(173, 35, 24, '2024-03-28 20:46:52', '2024-03-28 20:46:52'),
(174, 35, 30, '2024-03-28 20:46:52', '2024-03-28 20:46:52'),
(175, 35, 52, '2024-03-28 20:46:52', '2024-03-28 20:46:52'),
(176, 35, 59, '2024-03-28 20:46:52', '2024-03-28 20:46:52'),
(177, 35, 60, '2024-03-28 20:46:52', '2024-03-28 20:46:52'),
(178, 35, 72, '2024-03-28 20:46:52', '2024-03-28 20:46:52'),
(179, 36, 8, '2024-03-28 20:46:52', '2024-03-28 20:46:52'),
(180, 36, 11, '2024-03-28 20:46:52', '2024-03-28 20:46:52'),
(181, 36, 17, '2024-03-28 20:46:52', '2024-03-28 20:46:52'),
(182, 36, 19, '2024-03-28 20:46:52', '2024-03-28 20:46:52'),
(183, 36, 28, '2024-03-28 20:46:52', '2024-03-28 20:46:52'),
(184, 36, 42, '2024-03-28 20:46:52', '2024-03-28 20:46:52'),
(185, 36, 48, '2024-03-28 20:46:52', '2024-03-28 20:46:52'),
(186, 36, 49, '2024-03-28 20:46:52', '2024-03-28 20:46:52'),
(187, 36, 66, '2024-03-28 20:46:52', '2024-03-28 20:46:52'),
(189, 37, 24, '2024-03-28 20:46:53', '2024-03-28 20:46:53'),
(190, 37, 32, '2024-03-28 20:46:53', '2024-03-28 20:46:53'),
(191, 37, 40, '2024-03-28 20:46:53', '2024-03-28 20:46:53'),
(192, 37, 44, '2024-03-28 20:46:53', '2024-03-28 20:46:53'),
(193, 37, 50, '2024-03-28 20:46:53', '2024-03-28 20:46:53'),
(194, 38, 24, '2024-03-28 20:46:53', '2024-03-28 20:46:53'),
(195, 38, 37, '2024-03-28 20:46:53', '2024-03-28 20:46:53'),
(196, 38, 46, '2024-03-28 20:46:53', '2024-03-28 20:46:53'),
(197, 38, 47, '2024-03-28 20:46:53', '2024-03-28 20:46:53'),
(198, 38, 48, '2024-03-28 20:46:53', '2024-03-28 20:46:53'),
(199, 38, 62, '2024-03-28 20:46:53', '2024-03-28 20:46:53'),
(200, 38, 68, '2024-03-28 20:46:53', '2024-03-28 20:46:53'),
(202, 39, 17, '2024-03-28 20:46:53', '2024-03-28 20:46:53'),
(203, 39, 20, '2024-03-28 20:46:53', '2024-03-28 20:46:53'),
(204, 39, 24, '2024-03-28 20:46:53', '2024-03-28 20:46:53'),
(205, 39, 40, '2024-03-28 20:46:53', '2024-03-28 20:46:53'),
(206, 39, 43, '2024-03-28 20:46:53', '2024-03-28 20:46:53'),
(207, 39, 55, '2024-03-28 20:46:53', '2024-03-28 20:46:53'),
(208, 39, 59, '2024-03-28 20:46:53', '2024-03-28 20:46:53'),
(209, 39, 61, '2024-03-28 20:46:53', '2024-03-28 20:46:53'),
(210, 39, 64, '2024-03-28 20:46:53', '2024-03-28 20:46:53'),
(211, 40, 8, '2024-03-28 20:46:53', '2024-03-28 20:46:53'),
(212, 40, 10, '2024-03-28 20:46:53', '2024-03-28 20:46:53'),
(213, 40, 13, '2024-03-28 20:46:53', '2024-03-28 20:46:53'),
(214, 40, 18, '2024-03-28 20:46:53', '2024-03-28 20:46:53'),
(215, 40, 30, '2024-03-28 20:46:53', '2024-03-28 20:46:53'),
(216, 40, 43, '2024-03-28 20:46:53', '2024-03-28 20:46:53'),
(217, 40, 59, '2024-03-28 20:46:53', '2024-03-28 20:46:53'),
(218, 40, 62, '2024-03-28 20:46:53', '2024-03-28 20:46:53'),
(219, 40, 68, '2024-03-28 20:46:53', '2024-03-28 20:46:53'),
(220, 40, 75, '2024-03-28 20:46:53', '2024-03-28 20:46:53'),
(222, 42, 25, '2024-03-28 20:46:53', '2024-03-28 20:46:53'),
(223, 42, 35, '2024-03-28 20:46:53', '2024-03-28 20:46:53'),
(224, 42, 42, '2024-03-28 20:46:53', '2024-03-28 20:46:53'),
(225, 42, 45, '2024-03-28 20:46:53', '2024-03-28 20:46:53'),
(226, 42, 58, '2024-03-28 20:46:53', '2024-03-28 20:46:53'),
(227, 42, 63, '2024-03-28 20:46:53', '2024-03-28 20:46:53'),
(228, 42, 64, '2024-03-28 20:46:53', '2024-03-28 20:46:53'),
(229, 42, 71, '2024-03-28 20:46:53', '2024-03-28 20:46:53'),
(230, 42, 74, '2024-03-28 20:46:53', '2024-03-28 20:46:53'),
(231, 43, 13, '2024-03-28 20:46:53', '2024-03-28 20:46:53'),
(232, 43, 19, '2024-03-28 20:46:53', '2024-03-28 20:46:53'),
(233, 43, 45, '2024-03-28 20:46:53', '2024-03-28 20:46:53'),
(234, 43, 46, '2024-03-28 20:46:53', '2024-03-28 20:46:53'),
(235, 43, 48, '2024-03-28 20:46:53', '2024-03-28 20:46:53'),
(236, 43, 69, '2024-03-28 20:46:53', '2024-03-28 20:46:53'),
(237, 44, 39, '2024-03-28 20:46:53', '2024-03-28 20:46:53'),
(238, 44, 40, '2024-03-28 20:46:53', '2024-03-28 20:46:53'),
(239, 45, 18, '2024-03-28 20:46:53', '2024-03-28 20:46:53'),
(240, 45, 25, '2024-03-28 20:46:53', '2024-03-28 20:46:53'),
(241, 45, 27, '2024-03-28 20:46:53', '2024-03-28 20:46:53'),
(242, 45, 29, '2024-03-28 20:46:53', '2024-03-28 20:46:53'),
(243, 45, 38, '2024-03-28 20:46:53', '2024-03-28 20:46:53'),
(244, 45, 42, '2024-03-28 20:46:53', '2024-03-28 20:46:53'),
(245, 45, 45, '2024-03-28 20:46:53', '2024-03-28 20:46:53'),
(246, 45, 52, '2024-03-28 20:46:53', '2024-03-28 20:46:53'),
(247, 45, 62, '2024-03-28 20:46:53', '2024-03-28 20:46:53'),
(248, 45, 63, '2024-03-28 20:46:53', '2024-03-28 20:46:53'),
(249, 46, 41, '2024-03-28 20:46:53', '2024-03-28 20:46:53'),
(250, 46, 43, '2024-03-28 20:46:53', '2024-03-28 20:46:53'),
(251, 46, 45, '2024-03-28 20:46:53', '2024-03-28 20:46:53'),
(252, 46, 55, '2024-03-28 20:46:53', '2024-03-28 20:46:53'),
(253, 46, 59, '2024-03-28 20:46:53', '2024-03-28 20:46:53'),
(254, 46, 71, '2024-03-28 20:46:53', '2024-03-28 20:46:53'),
(256, 47, 7, '2024-03-28 20:46:53', '2024-03-28 20:46:53'),
(257, 47, 14, '2024-03-28 20:46:53', '2024-03-28 20:46:53'),
(258, 47, 23, '2024-03-28 20:46:53', '2024-03-28 20:46:53'),
(259, 47, 24, '2024-03-28 20:46:53', '2024-03-28 20:46:53'),
(260, 47, 50, '2024-03-28 20:46:53', '2024-03-28 20:46:53'),
(261, 47, 54, '2024-03-28 20:46:53', '2024-03-28 20:46:53'),
(262, 47, 60, '2024-03-28 20:46:53', '2024-03-28 20:46:53'),
(263, 47, 61, '2024-03-28 20:46:53', '2024-03-28 20:46:53'),
(264, 48, 9, '2024-03-28 20:46:53', '2024-03-28 20:46:53'),
(265, 48, 27, '2024-03-28 20:46:53', '2024-03-28 20:46:53'),
(266, 48, 39, '2024-03-28 20:46:53', '2024-03-28 20:46:53'),
(267, 48, 41, '2024-03-28 20:46:53', '2024-03-28 20:46:53'),
(268, 48, 51, '2024-03-28 20:46:53', '2024-03-28 20:46:53'),
(269, 48, 54, '2024-03-28 20:46:53', '2024-03-28 20:46:53'),
(270, 48, 64, '2024-03-28 20:46:53', '2024-03-28 20:46:53'),
(271, 48, 68, '2024-03-28 20:46:53', '2024-03-28 20:46:53'),
(272, 49, 14, '2024-03-28 20:46:53', '2024-03-28 20:46:53'),
(273, 49, 21, '2024-03-28 20:46:53', '2024-03-28 20:46:53'),
(274, 49, 57, '2024-03-28 20:46:53', '2024-03-28 20:46:53'),
(275, 49, 58, '2024-03-28 20:46:53', '2024-03-28 20:46:53'),
(276, 49, 75, '2024-03-28 20:46:53', '2024-03-28 20:46:53'),
(278, 50, 13, '2024-03-28 20:46:53', '2024-03-28 20:46:53'),
(279, 50, 33, '2024-03-28 20:46:53', '2024-03-28 20:46:53'),
(283, 51, 25, '2024-03-28 20:46:53', '2024-03-28 20:46:53'),
(284, 51, 29, '2024-03-28 20:46:53', '2024-03-28 20:46:53'),
(285, 51, 37, '2024-03-28 20:46:53', '2024-03-28 20:46:53'),
(286, 51, 46, '2024-03-28 20:46:53', '2024-03-28 20:46:53'),
(287, 51, 57, '2024-03-28 20:46:53', '2024-03-28 20:46:53'),
(288, 51, 61, '2024-03-28 20:46:53', '2024-03-28 20:46:53'),
(289, 51, 62, '2024-03-28 20:46:53', '2024-03-28 20:46:53'),
(291, 52, 20, '2024-03-28 20:46:53', '2024-03-28 20:46:53'),
(292, 52, 48, '2024-03-28 20:46:53', '2024-03-28 20:46:53'),
(293, 52, 67, '2024-03-28 20:46:53', '2024-03-28 20:46:53'),
(294, 52, 68, '2024-03-28 20:46:53', '2024-03-28 20:46:53'),
(295, 53, 47, '2024-03-28 20:46:53', '2024-03-28 20:46:53'),
(297, 54, 9, '2024-03-28 20:46:53', '2024-03-28 20:46:53'),
(298, 54, 41, '2024-03-28 20:46:53', '2024-03-28 20:46:53'),
(299, 54, 62, '2024-03-28 20:46:53', '2024-03-28 20:46:53'),
(300, 54, 68, '2024-03-28 20:46:53', '2024-03-28 20:46:53'),
(301, 54, 70, '2024-03-28 20:46:53', '2024-03-28 20:46:53'),
(302, 55, 12, '2024-03-28 20:46:53', '2024-03-28 20:46:53'),
(303, 56, 11, '2024-03-28 20:46:53', '2024-03-28 20:46:53'),
(304, 56, 53, '2024-03-28 20:46:53', '2024-03-28 20:46:53'),
(306, 57, 12, '2024-03-28 20:46:53', '2024-03-28 20:46:53'),
(307, 57, 20, '2024-03-28 20:46:53', '2024-03-28 20:46:53'),
(308, 57, 28, '2024-03-28 20:46:53', '2024-03-28 20:46:53'),
(309, 57, 37, '2024-03-28 20:46:53', '2024-03-28 20:46:53'),
(310, 57, 56, '2024-03-28 20:46:53', '2024-03-28 20:46:53'),
(311, 57, 68, '2024-03-28 20:46:53', '2024-03-28 20:46:53'),
(312, 57, 69, '2024-03-28 20:46:53', '2024-03-28 20:46:53'),
(313, 58, 7, '2024-03-28 20:46:53', '2024-03-28 20:46:53'),
(314, 58, 12, '2024-03-28 20:46:53', '2024-03-28 20:46:53'),
(315, 58, 33, '2024-03-28 20:46:53', '2024-03-28 20:46:53'),
(316, 58, 44, '2024-03-28 20:46:53', '2024-03-28 20:46:53'),
(317, 58, 49, '2024-03-28 20:46:53', '2024-03-28 20:46:53'),
(318, 58, 59, '2024-03-28 20:46:53', '2024-03-28 20:46:53'),
(319, 59, 11, '2024-03-28 20:46:53', '2024-03-28 20:46:53'),
(320, 59, 70, '2024-03-28 20:46:53', '2024-03-28 20:46:53'),
(321, 60, 20, '2024-03-28 20:46:53', '2024-03-28 20:46:53'),
(322, 60, 28, '2024-03-28 20:46:53', '2024-03-28 20:46:53'),
(323, 60, 34, '2024-03-28 20:46:53', '2024-03-28 20:46:53'),
(324, 60, 46, '2024-03-28 20:46:53', '2024-03-28 20:46:53'),
(325, 60, 53, '2024-03-28 20:46:53', '2024-03-28 20:46:53'),
(326, 60, 55, '2024-03-28 20:46:53', '2024-03-28 20:46:53'),
(327, 60, 63, '2024-03-28 20:46:53', '2024-03-28 20:46:53'),
(328, 60, 68, '2024-03-28 20:46:53', '2024-03-28 20:46:53'),
(329, 60, 72, '2024-03-28 20:46:53', '2024-03-28 20:46:53'),
(330, 60, 75, '2024-03-28 20:46:53', '2024-03-28 20:46:53'),
(331, 61, 35, '2024-03-28 20:46:53', '2024-03-28 20:46:53'),
(332, 61, 62, '2024-03-28 20:46:53', '2024-03-28 20:46:53'),
(333, 62, 20, '2024-03-28 20:46:53', '2024-03-28 20:46:53'),
(334, 62, 22, '2024-03-28 20:46:53', '2024-03-28 20:46:53'),
(335, 62, 66, '2024-03-28 20:46:53', '2024-03-28 20:46:53'),
(336, 63, 15, '2024-03-28 20:46:53', '2024-03-28 20:46:53'),
(337, 63, 24, '2024-03-28 20:46:53', '2024-03-28 20:46:53'),
(338, 63, 63, '2024-03-28 20:46:53', '2024-03-28 20:46:53'),
(339, 63, 76, '2024-03-28 20:46:53', '2024-03-28 20:46:53'),
(341, 64, 10, '2024-03-28 20:46:53', '2024-03-28 20:46:53'),
(342, 64, 33, '2024-03-28 20:46:53', '2024-03-28 20:46:53'),
(343, 64, 40, '2024-03-28 20:46:53', '2024-03-28 20:46:53'),
(344, 64, 47, '2024-03-28 20:46:53', '2024-03-28 20:46:53'),
(345, 64, 54, '2024-03-28 20:46:53', '2024-03-28 20:46:53'),
(346, 64, 71, '2024-03-28 20:46:53', '2024-03-28 20:46:53'),
(347, 65, 10, '2024-03-28 20:46:53', '2024-03-28 20:46:53'),
(348, 65, 47, '2024-03-28 20:46:53', '2024-03-28 20:46:53'),
(349, 65, 50, '2024-03-28 20:46:53', '2024-03-28 20:46:53'),
(350, 65, 58, '2024-03-28 20:46:53', '2024-03-28 20:46:53'),
(351, 66, 7, '2024-03-28 20:46:53', '2024-03-28 20:46:53'),
(352, 66, 23, '2024-03-28 20:46:53', '2024-03-28 20:46:53'),
(353, 66, 49, '2024-03-28 20:46:53', '2024-03-28 20:46:53'),
(354, 66, 51, '2024-03-28 20:46:53', '2024-03-28 20:46:53'),
(355, 66, 61, '2024-03-28 20:46:53', '2024-03-28 20:46:53'),
(356, 67, 23, '2024-03-28 20:46:53', '2024-03-28 20:46:53'),
(357, 68, 8, '2024-03-28 20:46:53', '2024-03-28 20:46:53'),
(358, 68, 20, '2024-03-28 20:46:53', '2024-03-28 20:46:53'),
(359, 68, 24, '2024-03-28 20:46:53', '2024-03-28 20:46:53'),
(360, 68, 29, '2024-03-28 20:46:53', '2024-03-28 20:46:53'),
(361, 68, 35, '2024-03-28 20:46:53', '2024-03-28 20:46:53'),
(362, 68, 38, '2024-03-28 20:46:53', '2024-03-28 20:46:53'),
(363, 68, 39, '2024-03-28 20:46:53', '2024-03-28 20:46:53'),
(364, 68, 53, '2024-03-28 20:46:53', '2024-03-28 20:46:53'),
(365, 68, 72, '2024-03-28 20:46:53', '2024-03-28 20:46:53'),
(366, 69, 31, '2024-03-28 20:46:53', '2024-03-28 20:46:53'),
(367, 69, 54, '2024-03-28 20:46:53', '2024-03-28 20:46:53'),
(370, 70, 18, '2024-03-28 20:46:53', '2024-03-28 20:46:53'),
(371, 70, 25, '2024-03-28 20:46:53', '2024-03-28 20:46:53'),
(372, 70, 50, '2024-03-28 20:46:53', '2024-03-28 20:46:53'),
(373, 70, 62, '2024-03-28 20:46:53', '2024-03-28 20:46:53'),
(374, 70, 63, '2024-03-28 20:46:53', '2024-03-28 20:46:53'),
(375, 71, 19, '2024-03-28 20:46:53', '2024-03-28 20:46:53'),
(376, 71, 46, '2024-03-28 20:46:53', '2024-03-28 20:46:53'),
(377, 71, 61, '2024-03-28 20:46:53', '2024-03-28 20:46:53'),
(378, 72, 12, '2024-03-28 20:46:53', '2024-03-28 20:46:53'),
(379, 72, 15, '2024-03-28 20:46:53', '2024-03-28 20:46:53'),
(380, 72, 35, '2024-03-28 20:46:53', '2024-03-28 20:46:53'),
(381, 72, 62, '2024-03-28 20:46:53', '2024-03-28 20:46:53'),
(382, 73, 11, '2024-03-28 20:46:53', '2024-03-28 20:46:53'),
(383, 73, 31, '2024-03-28 20:46:53', '2024-03-28 20:46:53'),
(384, 73, 38, '2024-03-28 20:46:53', '2024-03-28 20:46:53'),
(385, 73, 41, '2024-03-28 20:46:53', '2024-03-28 20:46:53'),
(386, 73, 48, '2024-03-28 20:46:53', '2024-03-28 20:46:53'),
(387, 73, 61, '2024-03-28 20:46:53', '2024-03-28 20:46:53'),
(388, 74, 16, '2024-03-28 20:46:53', '2024-03-28 20:46:53'),
(389, 74, 23, '2024-03-28 20:46:53', '2024-03-28 20:46:53'),
(390, 74, 26, '2024-03-28 20:46:53', '2024-03-28 20:46:53'),
(391, 74, 27, '2024-03-28 20:46:53', '2024-03-28 20:46:53'),
(392, 74, 29, '2024-03-28 20:46:53', '2024-03-28 20:46:53'),
(393, 74, 33, '2024-03-28 20:46:53', '2024-03-28 20:46:53'),
(394, 74, 49, '2024-03-28 20:46:53', '2024-03-28 20:46:53'),
(395, 74, 52, '2024-03-28 20:46:53', '2024-03-28 20:46:53'),
(396, 74, 57, '2024-03-28 20:46:53', '2024-03-28 20:46:53'),
(397, 74, 68, '2024-03-28 20:46:53', '2024-03-28 20:46:53'),
(398, 75, 24, '2024-03-28 20:46:53', '2024-03-28 20:46:53'),
(399, 76, 10, '2024-03-28 20:46:53', '2024-03-28 20:46:53'),
(400, 76, 21, '2024-03-28 20:46:53', '2024-03-28 20:46:53'),
(401, 76, 49, '2024-03-28 20:46:53', '2024-03-28 20:46:53'),
(402, 76, 59, '2024-03-28 20:46:53', '2024-03-28 20:46:53'),
(403, 76, 62, '2024-03-28 20:46:53', '2024-03-28 20:46:53'),
(404, 76, 63, '2024-03-28 20:46:53', '2024-03-28 20:46:53'),
(405, 77, 20, '2024-03-28 20:46:53', '2024-03-28 20:46:53'),
(406, 77, 24, '2024-03-28 20:46:53', '2024-03-28 20:46:53'),
(407, 77, 67, '2024-03-28 20:46:53', '2024-03-28 20:46:53'),
(408, 77, 75, '2024-03-28 20:46:53', '2024-03-28 20:46:53'),
(409, 78, 9, '2024-03-28 20:46:53', '2024-03-28 20:46:53'),
(410, 78, 19, '2024-03-28 20:46:53', '2024-03-28 20:46:53'),
(411, 78, 34, '2024-03-28 20:46:53', '2024-03-28 20:46:53'),
(412, 78, 42, '2024-03-28 20:46:53', '2024-03-28 20:46:53'),
(413, 78, 53, '2024-03-28 20:46:53', '2024-03-28 20:46:53'),
(414, 78, 59, '2024-03-28 20:46:53', '2024-03-28 20:46:53'),
(415, 78, 65, '2024-03-28 20:46:53', '2024-03-28 20:46:53'),
(416, 79, 17, '2024-03-28 20:46:53', '2024-03-28 20:46:53'),
(417, 79, 38, '2024-03-28 20:46:53', '2024-03-28 20:46:53'),
(418, 79, 47, '2024-03-28 20:46:53', '2024-03-28 20:46:53'),
(419, 79, 53, '2024-03-28 20:46:53', '2024-03-28 20:46:53'),
(420, 79, 59, '2024-03-28 20:46:53', '2024-03-28 20:46:53'),
(421, 80, 35, '2024-03-28 20:46:53', '2024-03-28 20:46:53'),
(422, 80, 62, '2024-03-28 20:46:53', '2024-03-28 20:46:53'),
(423, 80, 68, '2024-03-28 20:46:53', '2024-03-28 20:46:53'),
(424, 81, 14, '2024-03-28 20:46:53', '2024-03-28 20:46:53'),
(425, 81, 18, '2024-03-28 20:46:53', '2024-03-28 20:46:53'),
(426, 81, 22, '2024-03-28 20:46:53', '2024-03-28 20:46:53'),
(427, 81, 29, '2024-03-28 20:46:53', '2024-03-28 20:46:53'),
(428, 81, 54, '2024-03-28 20:46:53', '2024-03-28 20:46:53'),
(429, 81, 55, '2024-03-28 20:46:53', '2024-03-28 20:46:53'),
(430, 81, 57, '2024-03-28 20:46:53', '2024-03-28 20:46:53'),
(431, 81, 67, '2024-03-28 20:46:53', '2024-03-28 20:46:53'),
(432, 81, 70, '2024-03-28 20:46:53', '2024-03-28 20:46:53'),
(433, 81, 72, '2024-03-28 20:46:53', '2024-03-28 20:46:53'),
(434, 82, 22, '2024-03-28 20:46:53', '2024-03-28 20:46:53'),
(435, 82, 47, '2024-03-28 20:46:53', '2024-03-28 20:46:53'),
(436, 82, 56, '2024-03-28 20:46:53', '2024-03-28 20:46:53'),
(437, 83, 21, '2024-03-28 20:46:53', '2024-03-28 20:46:53'),
(438, 83, 24, '2024-03-28 20:46:53', '2024-03-28 20:46:53'),
(439, 83, 34, '2024-03-28 20:46:53', '2024-03-28 20:46:53'),
(440, 83, 53, '2024-03-28 20:46:53', '2024-03-28 20:46:53'),
(441, 83, 59, '2024-03-28 20:46:53', '2024-03-28 20:46:53'),
(442, 83, 76, '2024-03-28 20:46:53', '2024-03-28 20:46:53'),
(444, 84, 7, '2024-03-28 20:46:53', '2024-03-28 20:46:53'),
(445, 84, 15, '2024-03-28 20:46:53', '2024-03-28 20:46:53'),
(446, 84, 26, '2024-03-28 20:46:53', '2024-03-28 20:46:53'),
(447, 84, 29, '2024-03-28 20:46:53', '2024-03-28 20:46:53'),
(448, 84, 30, '2024-03-28 20:46:53', '2024-03-28 20:46:53'),
(449, 84, 44, '2024-03-28 20:46:53', '2024-03-28 20:46:53'),
(450, 84, 57, '2024-03-28 20:46:53', '2024-03-28 20:46:53'),
(451, 84, 58, '2024-03-28 20:46:53', '2024-03-28 20:46:53'),
(452, 84, 76, '2024-03-28 20:46:53', '2024-03-28 20:46:53'),
(454, 85, 9, '2024-03-28 20:46:53', '2024-03-28 20:46:53'),
(455, 85, 10, '2024-03-28 20:46:53', '2024-03-28 20:46:53'),
(456, 85, 16, '2024-03-28 20:46:53', '2024-03-28 20:46:53'),
(457, 85, 48, '2024-03-28 20:46:53', '2024-03-28 20:46:53'),
(458, 85, 61, '2024-03-28 20:46:53', '2024-03-28 20:46:53'),
(459, 85, 66, '2024-03-28 20:46:53', '2024-03-28 20:46:53'),
(460, 85, 76, '2024-03-28 20:46:53', '2024-03-28 20:46:53'),
(462, 86, 14, '2024-03-28 20:46:53', '2024-03-28 20:46:53'),
(463, 86, 21, '2024-03-28 20:46:53', '2024-03-28 20:46:53'),
(464, 86, 56, '2024-03-28 20:46:53', '2024-03-28 20:46:53'),
(465, 86, 57, '2024-03-28 20:46:53', '2024-03-28 20:46:53'),
(466, 86, 58, '2024-03-28 20:46:53', '2024-03-28 20:46:53'),
(467, 86, 73, '2024-03-28 20:46:53', '2024-03-28 20:46:53'),
(470, 87, 13, '2024-03-28 20:46:53', '2024-03-28 20:46:53'),
(471, 87, 27, '2024-03-28 20:46:53', '2024-03-28 20:46:53'),
(472, 87, 29, '2024-03-28 20:46:53', '2024-03-28 20:46:53'),
(473, 87, 30, '2024-03-28 20:46:53', '2024-03-28 20:46:53'),
(474, 87, 51, '2024-03-28 20:46:53', '2024-03-28 20:46:53'),
(475, 87, 58, '2024-03-28 20:46:53', '2024-03-28 20:46:53'),
(476, 87, 65, '2024-03-28 20:46:53', '2024-03-28 20:46:53'),
(477, 88, 8, '2024-03-28 20:46:53', '2024-03-28 20:46:53'),
(478, 88, 17, '2024-03-28 20:46:53', '2024-03-28 20:46:53'),
(479, 88, 18, '2024-03-28 20:46:53', '2024-03-28 20:46:53'),
(480, 88, 37, '2024-03-28 20:46:53', '2024-03-28 20:46:53'),
(481, 88, 39, '2024-03-28 20:46:53', '2024-03-28 20:46:53'),
(482, 88, 44, '2024-03-28 20:46:53', '2024-03-28 20:46:53'),
(483, 88, 52, '2024-03-28 20:46:53', '2024-03-28 20:46:53'),
(485, 89, 27, '2024-03-28 20:46:53', '2024-03-28 20:46:53'),
(486, 90, 38, '2024-03-28 20:46:53', '2024-03-28 20:46:53'),
(487, 90, 44, '2024-03-28 20:46:53', '2024-03-28 20:46:53'),
(488, 90, 54, '2024-03-28 20:46:53', '2024-03-28 20:46:53'),
(489, 90, 70, '2024-03-28 20:46:53', '2024-03-28 20:46:53'),
(490, 91, 28, '2024-03-28 20:46:53', '2024-03-28 20:46:53'),
(491, 91, 59, '2024-03-28 20:46:53', '2024-03-28 20:46:53'),
(492, 92, 13, '2024-03-28 20:46:53', '2024-03-28 20:46:53'),
(493, 92, 25, '2024-03-28 20:46:53', '2024-03-28 20:46:53'),
(494, 92, 39, '2024-03-28 20:46:53', '2024-03-28 20:46:53'),
(495, 92, 43, '2024-03-28 20:46:53', '2024-03-28 20:46:53'),
(496, 92, 45, '2024-03-28 20:46:53', '2024-03-28 20:46:53'),
(497, 92, 58, '2024-03-28 20:46:53', '2024-03-28 20:46:53'),
(498, 92, 75, '2024-03-28 20:46:53', '2024-03-28 20:46:53'),
(499, 93, 8, '2024-03-28 20:46:53', '2024-03-28 20:46:53'),
(500, 93, 18, '2024-03-28 20:46:53', '2024-03-28 20:46:53'),
(501, 93, 19, '2024-03-28 20:46:53', '2024-03-28 20:46:53'),
(502, 93, 35, '2024-03-28 20:46:53', '2024-03-28 20:46:53'),
(503, 93, 40, '2024-03-28 20:46:53', '2024-03-28 20:46:53'),
(505, 94, 28, '2024-03-28 20:46:53', '2024-03-28 20:46:53'),
(506, 94, 30, '2024-03-28 20:46:53', '2024-03-28 20:46:53'),
(507, 94, 50, '2024-03-28 20:46:53', '2024-03-28 20:46:53'),
(508, 95, 7, '2024-03-28 20:46:53', '2024-03-28 20:46:53'),
(509, 95, 11, '2024-03-28 20:46:53', '2024-03-28 20:46:53'),
(510, 95, 22, '2024-03-28 20:46:53', '2024-03-28 20:46:53'),
(511, 95, 25, '2024-03-28 20:46:53', '2024-03-28 20:46:53'),
(512, 95, 61, '2024-03-28 20:46:53', '2024-03-28 20:46:53'),
(513, 95, 62, '2024-03-28 20:46:53', '2024-03-28 20:46:53'),
(514, 95, 72, '2024-03-28 20:46:53', '2024-03-28 20:46:53'),
(515, 96, 32, '2024-03-28 20:46:53', '2024-03-28 20:46:53'),
(516, 96, 59, '2024-03-28 20:46:53', '2024-03-28 20:46:53'),
(518, 97, 43, '2024-03-28 20:46:53', '2024-03-28 20:46:53'),
(519, 97, 58, '2024-03-28 20:46:53', '2024-03-28 20:46:53'),
(520, 97, 61, '2024-03-28 20:46:53', '2024-03-28 20:46:53'),
(522, 98, 16, '2024-03-28 20:46:53', '2024-03-28 20:46:53'),
(523, 98, 62, '2024-03-28 20:46:53', '2024-03-28 20:46:53'),
(524, 99, 29, '2024-03-28 20:46:53', '2024-03-28 20:46:53'),
(525, 99, 63, '2024-03-28 20:46:53', '2024-03-28 20:46:53'),
(526, 99, 67, '2024-03-28 20:46:53', '2024-03-28 20:46:53'),
(527, 100, 52, '2024-03-28 20:46:53', '2024-03-28 20:46:53'),
(529, 101, 40, '2024-03-28 20:46:53', '2024-03-28 20:46:53'),
(530, 101, 57, '2024-03-28 20:46:53', '2024-03-28 20:46:53'),
(531, 101, 62, '2024-03-28 20:46:53', '2024-03-28 20:46:53'),
(532, 101, 65, '2024-03-28 20:46:53', '2024-03-28 20:46:53'),
(533, 101, 71, '2024-03-28 20:46:53', '2024-03-28 20:46:53'),
(534, 101, 75, '2024-03-28 20:46:53', '2024-03-28 20:46:53'),
(535, 102, 12, '2024-03-28 20:46:53', '2024-03-28 20:46:53'),
(536, 102, 18, '2024-03-28 20:46:53', '2024-03-28 20:46:53'),
(537, 102, 32, '2024-03-28 20:46:53', '2024-03-28 20:46:53'),
(538, 102, 34, '2024-03-28 20:46:53', '2024-03-28 20:46:53'),
(539, 102, 52, '2024-03-28 20:46:53', '2024-03-28 20:46:53'),
(540, 102, 64, '2024-03-28 20:46:53', '2024-03-28 20:46:53'),
(541, 102, 67, '2024-03-28 20:46:53', '2024-03-28 20:46:53'),
(542, 102, 68, '2024-03-28 20:46:53', '2024-03-28 20:46:53'),
(543, 102, 70, '2024-03-28 20:46:53', '2024-03-28 20:46:53'),
(544, 103, 10, '2024-03-28 20:46:53', '2024-03-28 20:46:53'),
(545, 103, 11, '2024-03-28 20:46:53', '2024-03-28 20:46:53'),
(546, 103, 18, '2024-03-28 20:46:53', '2024-03-28 20:46:53'),
(547, 103, 21, '2024-03-28 20:46:53', '2024-03-28 20:46:53'),
(548, 103, 32, '2024-03-28 20:46:53', '2024-03-28 20:46:53'),
(549, 103, 37, '2024-03-28 20:46:53', '2024-03-28 20:46:53'),
(550, 103, 40, '2024-03-28 20:46:53', '2024-03-28 20:46:53'),
(551, 103, 45, '2024-03-28 20:46:53', '2024-03-28 20:46:53'),
(552, 103, 62, '2024-03-28 20:46:53', '2024-03-28 20:46:53'),
(553, 103, 71, '2024-03-28 20:46:53', '2024-03-28 20:46:53'),
(554, 104, 49, '2024-03-28 20:46:53', '2024-03-28 20:46:53'),
(555, 105, 27, '2024-03-28 20:46:53', '2024-03-28 20:46:53'),
(556, 105, 28, '2024-03-28 20:46:53', '2024-03-28 20:46:53'),
(557, 105, 68, '2024-03-28 20:46:53', '2024-03-28 20:46:53'),
(559, 106, 19, '2024-03-28 20:46:53', '2024-03-28 20:46:53'),
(560, 106, 37, '2024-03-28 20:46:53', '2024-03-28 20:46:53'),
(561, 106, 62, '2024-03-28 20:46:53', '2024-03-28 20:46:53'),
(562, 106, 64, '2024-03-28 20:46:53', '2024-03-28 20:46:53'),
(564, 107, 11, '2024-03-28 20:46:53', '2024-03-28 20:46:53'),
(565, 107, 23, '2024-03-28 20:46:53', '2024-03-28 20:46:53'),
(566, 107, 51, '2024-03-28 20:46:53', '2024-03-28 20:46:53'),
(567, 107, 53, '2024-03-28 20:46:53', '2024-03-28 20:46:53'),
(568, 107, 57, '2024-03-28 20:46:53', '2024-03-28 20:46:53'),
(570, 108, 18, '2024-03-28 20:46:53', '2024-03-28 20:46:53'),
(571, 108, 21, '2024-03-28 20:46:53', '2024-03-28 20:46:53'),
(572, 108, 23, '2024-03-28 20:46:53', '2024-03-28 20:46:53'),
(573, 108, 25, '2024-03-28 20:46:53', '2024-03-28 20:46:53'),
(574, 108, 27, '2024-03-28 20:46:53', '2024-03-28 20:46:53'),
(575, 108, 31, '2024-03-28 20:46:53', '2024-03-28 20:46:53'),
(576, 108, 46, '2024-03-28 20:46:53', '2024-03-28 20:46:53'),
(577, 108, 50, '2024-03-28 20:46:53', '2024-03-28 20:46:53'),
(578, 109, 7, '2024-03-28 20:46:53', '2024-03-28 20:46:53'),
(579, 109, 17, '2024-03-28 20:46:53', '2024-03-28 20:46:53'),
(580, 109, 23, '2024-03-28 20:46:53', '2024-03-28 20:46:53'),
(581, 109, 37, '2024-03-28 20:46:53', '2024-03-28 20:46:53'),
(582, 110, 28, '2024-03-28 20:46:53', '2024-03-28 20:46:53'),
(583, 110, 32, '2024-03-28 20:46:53', '2024-03-28 20:46:53'),
(585, 111, 56, '2024-03-28 20:46:53', '2024-03-28 20:46:53'),
(586, 112, 7, '2024-03-28 20:46:53', '2024-03-28 20:46:53'),
(587, 112, 9, '2024-03-28 20:46:53', '2024-03-28 20:46:53'),
(588, 112, 25, '2024-03-28 20:46:53', '2024-03-28 20:46:53'),
(589, 112, 65, '2024-03-28 20:46:53', '2024-03-28 20:46:53'),
(590, 113, 8, '2024-03-28 20:46:53', '2024-03-28 20:46:53'),
(591, 113, 10, '2024-03-28 20:46:53', '2024-03-28 20:46:53'),
(592, 113, 11, '2024-03-28 20:46:53', '2024-03-28 20:46:53'),
(593, 113, 23, '2024-03-28 20:46:53', '2024-03-28 20:46:53'),
(594, 113, 24, '2024-03-28 20:46:53', '2024-03-28 20:46:53'),
(595, 113, 62, '2024-03-28 20:46:53', '2024-03-28 20:46:53'),
(596, 113, 75, '2024-03-28 20:46:53', '2024-03-28 20:46:53'),
(597, 114, 16, '2024-03-28 20:46:53', '2024-03-28 20:46:53'),
(598, 114, 43, '2024-03-28 20:46:53', '2024-03-28 20:46:53'),
(599, 114, 49, '2024-03-28 20:46:53', '2024-03-28 20:46:53'),
(600, 114, 70, '2024-03-28 20:46:53', '2024-03-28 20:46:53'),
(603, 115, 9, '2024-03-28 20:46:53', '2024-03-28 20:46:53'),
(604, 115, 20, '2024-03-28 20:46:53', '2024-03-28 20:46:53'),
(605, 115, 23, '2024-03-28 20:46:53', '2024-03-28 20:46:53'),
(606, 115, 26, '2024-03-28 20:46:53', '2024-03-28 20:46:53'),
(607, 115, 27, '2024-03-28 20:46:53', '2024-03-28 20:46:53'),
(608, 115, 31, '2024-03-28 20:46:53', '2024-03-28 20:46:53'),
(609, 115, 40, '2024-03-28 20:46:53', '2024-03-28 20:46:53'),
(610, 115, 44, '2024-03-28 20:46:53', '2024-03-28 20:46:53'),
(611, 116, 13, '2024-03-28 20:46:53', '2024-03-28 20:46:53'),
(612, 116, 26, '2024-03-28 20:46:53', '2024-03-28 20:46:53'),
(613, 116, 35, '2024-03-28 20:46:53', '2024-03-28 20:46:53'),
(614, 116, 49, '2024-03-28 20:46:53', '2024-03-28 20:46:53'),
(615, 116, 63, '2024-03-28 20:46:53', '2024-03-28 20:46:53'),
(616, 116, 70, '2024-03-28 20:46:53', '2024-03-28 20:46:53'),
(617, 117, 70, '2024-03-28 20:46:53', '2024-03-28 20:46:53'),
(618, 118, 13, '2024-03-28 20:46:53', '2024-03-28 20:46:53'),
(619, 118, 16, '2024-03-28 20:46:53', '2024-03-28 20:46:53'),
(620, 118, 32, '2024-03-28 20:46:53', '2024-03-28 20:46:53'),
(621, 118, 49, '2024-03-28 20:46:53', '2024-03-28 20:46:53'),
(622, 118, 50, '2024-03-28 20:46:53', '2024-03-28 20:46:53'),
(623, 118, 51, '2024-03-28 20:46:53', '2024-03-28 20:46:53'),
(624, 118, 59, '2024-03-28 20:46:53', '2024-03-28 20:46:53'),
(625, 118, 61, '2024-03-28 20:46:53', '2024-03-28 20:46:53'),
(626, 118, 67, '2024-03-28 20:46:53', '2024-03-28 20:46:53'),
(627, 118, 74, '2024-03-28 20:46:53', '2024-03-28 20:46:53'),
(628, 119, 13, '2024-03-28 20:46:53', '2024-03-28 20:46:53'),
(629, 119, 21, '2024-03-28 20:46:53', '2024-03-28 20:46:53'),
(630, 119, 62, '2024-03-28 20:46:53', '2024-03-28 20:46:53'),
(631, 119, 65, '2024-03-28 20:46:53', '2024-03-28 20:46:53'),
(632, 119, 72, '2024-03-28 20:46:53', '2024-03-28 20:46:53'),
(633, 120, 17, '2024-03-28 20:46:53', '2024-03-28 20:46:53'),
(634, 120, 36, '2024-03-28 20:46:53', '2024-03-28 20:46:53'),
(635, 120, 38, '2024-03-28 20:46:53', '2024-03-28 20:46:53'),
(636, 120, 55, '2024-03-28 20:46:53', '2024-03-28 20:46:53'),
(637, 120, 57, '2024-03-28 20:46:53', '2024-03-28 20:46:53'),
(638, 121, 10, '2024-03-28 20:46:53', '2024-03-28 20:46:53'),
(639, 121, 18, '2024-03-28 20:46:53', '2024-03-28 20:46:53'),
(640, 121, 59, '2024-03-28 20:46:53', '2024-03-28 20:46:53'),
(641, 121, 62, '2024-03-28 20:46:53', '2024-03-28 20:46:53'),
(642, 122, 17, '2024-03-28 20:46:53', '2024-03-28 20:46:53'),
(643, 122, 58, '2024-03-28 20:46:53', '2024-03-28 20:46:53'),
(645, 123, 40, '2024-03-28 20:46:53', '2024-03-28 20:46:53'),
(646, 123, 69, '2024-03-28 20:46:53', '2024-03-28 20:46:53'),
(647, 123, 75, '2024-03-28 20:46:53', '2024-03-28 20:46:53'),
(648, 124, 7, '2024-03-28 20:46:53', '2024-03-28 20:46:53'),
(649, 124, 10, '2024-03-28 20:46:53', '2024-03-28 20:46:53'),
(650, 124, 16, '2024-03-28 20:46:53', '2024-03-28 20:46:53'),
(651, 124, 20, '2024-03-28 20:46:53', '2024-03-28 20:46:53'),
(652, 124, 53, '2024-03-28 20:46:53', '2024-03-28 20:46:53'),
(653, 124, 61, '2024-03-28 20:46:53', '2024-03-28 20:46:53'),
(654, 124, 62, '2024-03-28 20:46:53', '2024-03-28 20:46:53'),
(655, 124, 69, '2024-03-28 20:46:53', '2024-03-28 20:46:53'),
(656, 124, 73, '2024-03-28 20:46:53', '2024-03-28 20:46:53'),
(657, 124, 76, '2024-03-28 20:46:53', '2024-03-28 20:46:53'),
(658, 125, 28, '2024-03-28 20:46:53', '2024-03-28 20:46:53'),
(659, 125, 38, '2024-03-28 20:46:53', '2024-03-28 20:46:53'),
(660, 125, 62, '2024-03-28 20:46:53', '2024-03-28 20:46:53'),
(661, 125, 66, '2024-03-28 20:46:53', '2024-03-28 20:46:53'),
(662, 126, 9, '2024-03-28 20:46:53', '2024-03-28 20:46:53'),
(664, 127, 42, '2024-03-28 20:46:53', '2024-03-28 20:46:53'),
(665, 128, 13, '2024-03-28 20:46:53', '2024-03-28 20:46:53'),
(666, 128, 23, '2024-03-28 20:46:53', '2024-03-28 20:46:53'),
(667, 128, 37, '2024-03-28 20:46:53', '2024-03-28 20:46:53'),
(668, 129, 32, '2024-03-28 20:46:53', '2024-03-28 20:46:53'),
(669, 129, 40, '2024-03-28 20:46:53', '2024-03-28 20:46:53'),
(670, 130, 24, '2024-03-28 20:46:53', '2024-03-28 20:46:53'),
(671, 130, 61, '2024-03-28 20:46:53', '2024-03-28 20:46:53'),
(672, 130, 67, '2024-03-28 20:46:53', '2024-03-28 20:46:53'),
(675, 131, 25, '2024-03-28 20:46:53', '2024-03-28 20:46:53'),
(676, 131, 33, '2024-03-28 20:46:53', '2024-03-28 20:46:53'),
(677, 131, 39, '2024-03-28 20:46:53', '2024-03-28 20:46:53'),
(678, 131, 42, '2024-03-28 20:46:53', '2024-03-28 20:46:53'),
(679, 131, 50, '2024-03-28 20:46:53', '2024-03-28 20:46:53'),
(680, 131, 53, '2024-03-28 20:46:53', '2024-03-28 20:46:53'),
(681, 131, 72, '2024-03-28 20:46:53', '2024-03-28 20:46:53'),
(682, 131, 74, '2024-03-28 20:46:53', '2024-03-28 20:46:53'),
(683, 132, 36, '2024-03-28 20:46:53', '2024-03-28 20:46:53'),
(684, 132, 46, '2024-03-28 20:46:53', '2024-03-28 20:46:53'),
(685, 132, 54, '2024-03-28 20:46:53', '2024-03-28 20:46:53'),
(686, 133, 39, '2024-03-28 20:46:53', '2024-03-28 20:46:53'),
(687, 133, 51, '2024-03-28 20:46:53', '2024-03-28 20:46:53'),
(688, 133, 57, '2024-03-28 20:46:53', '2024-03-28 20:46:53'),
(689, 133, 72, '2024-03-28 20:46:53', '2024-03-28 20:46:53'),
(691, 134, 7, '2024-03-28 20:46:53', '2024-03-28 20:46:53'),
(692, 134, 22, '2024-03-28 20:46:53', '2024-03-28 20:46:53'),
(693, 134, 40, '2024-03-28 20:46:53', '2024-03-28 20:46:53'),
(694, 134, 51, '2024-03-28 20:46:53', '2024-03-28 20:46:53'),
(695, 135, 39, '2024-03-28 20:46:53', '2024-03-28 20:46:53'),
(696, 135, 41, '2024-03-28 20:46:53', '2024-03-28 20:46:53'),
(697, 135, 51, '2024-03-28 20:46:53', '2024-03-28 20:46:53'),
(698, 135, 65, '2024-03-28 20:46:53', '2024-03-28 20:46:53'),
(699, 135, 73, '2024-03-28 20:46:53', '2024-03-28 20:46:53'),
(700, 136, 25, '2024-03-28 20:46:53', '2024-03-28 20:46:53'),
(701, 136, 27, '2024-03-28 20:46:53', '2024-03-28 20:46:53'),
(702, 136, 35, '2024-03-28 20:46:53', '2024-03-28 20:46:53'),
(703, 136, 56, '2024-03-28 20:46:53', '2024-03-28 20:46:53'),
(704, 136, 70, '2024-03-28 20:46:53', '2024-03-28 20:46:53'),
(705, 137, 22, '2024-03-28 20:46:53', '2024-03-28 20:46:53'),
(706, 137, 33, '2024-03-28 20:46:53', '2024-03-28 20:46:53'),
(707, 137, 75, '2024-03-28 20:46:53', '2024-03-28 20:46:53'),
(708, 137, 76, '2024-03-28 20:46:53', '2024-03-28 20:46:53'),
(709, 138, 22, '2024-03-28 20:46:53', '2024-03-28 20:46:53'),
(710, 138, 28, '2024-03-28 20:46:53', '2024-03-28 20:46:53'),
(711, 138, 30, '2024-03-28 20:46:53', '2024-03-28 20:46:53'),
(712, 138, 42, '2024-03-28 20:46:53', '2024-03-28 20:46:53'),
(713, 138, 45, '2024-03-28 20:46:53', '2024-03-28 20:46:53'),
(714, 138, 49, '2024-03-28 20:46:53', '2024-03-28 20:46:53'),
(716, 139, 40, '2024-03-28 20:46:53', '2024-03-28 20:46:53'),
(717, 139, 52, '2024-03-28 20:46:53', '2024-03-28 20:46:53'),
(718, 139, 61, '2024-03-28 20:46:53', '2024-03-28 20:46:53'),
(719, 140, 10, '2024-03-28 20:46:53', '2024-03-28 20:46:53'),
(720, 140, 29, '2024-03-28 20:46:53', '2024-03-28 20:46:53'),
(721, 140, 37, '2024-03-28 20:46:53', '2024-03-28 20:46:53'),
(722, 140, 47, '2024-03-28 20:46:53', '2024-03-28 20:46:53'),
(723, 140, 48, '2024-03-28 20:46:53', '2024-03-28 20:46:53'),
(724, 140, 60, '2024-03-28 20:46:53', '2024-03-28 20:46:53'),
(725, 140, 66, '2024-03-28 20:46:53', '2024-03-28 20:46:53'),
(726, 140, 68, '2024-03-28 20:46:53', '2024-03-28 20:46:53'),
(727, 140, 70, '2024-03-28 20:46:53', '2024-03-28 20:46:53'),
(728, 141, 37, '2024-03-28 20:46:53', '2024-03-28 20:46:53'),
(729, 141, 46, '2024-03-28 20:46:53', '2024-03-28 20:46:53'),
(730, 141, 55, '2024-03-28 20:46:53', '2024-03-28 20:46:53'),
(731, 141, 69, '2024-03-28 20:46:53', '2024-03-28 20:46:53'),
(732, 142, 18, '2024-03-28 20:46:53', '2024-03-28 20:46:53'),
(733, 142, 19, '2024-03-28 20:46:53', '2024-03-28 20:46:53'),
(734, 142, 72, '2024-03-28 20:46:53', '2024-03-28 20:46:53'),
(735, 143, 14, '2024-03-28 20:46:53', '2024-03-28 20:46:53'),
(736, 143, 31, '2024-03-28 20:46:53', '2024-03-28 20:46:53'),
(737, 143, 35, '2024-03-28 20:46:53', '2024-03-28 20:46:53'),
(738, 143, 45, '2024-03-28 20:46:53', '2024-03-28 20:46:53'),
(739, 144, 13, '2024-03-28 20:46:53', '2024-03-28 20:46:53'),
(740, 144, 15, '2024-03-28 20:46:53', '2024-03-28 20:46:53'),
(742, 145, 18, '2024-03-28 20:46:53', '2024-03-28 20:46:53'),
(743, 145, 19, '2024-03-28 20:46:53', '2024-03-28 20:46:53'),
(744, 145, 22, '2024-03-28 20:46:53', '2024-03-28 20:46:53'),
(745, 145, 41, '2024-03-28 20:46:53', '2024-03-28 20:46:53'),
(746, 145, 57, '2024-03-28 20:46:53', '2024-03-28 20:46:53'),
(747, 145, 63, '2024-03-28 20:46:53', '2024-03-28 20:46:53'),
(748, 145, 66, '2024-03-28 20:46:53', '2024-03-28 20:46:53'),
(749, 145, 75, '2024-03-28 20:46:53', '2024-03-28 20:46:53'),
(750, 146, 11, '2024-03-28 20:46:53', '2024-03-28 20:46:53'),
(751, 146, 69, '2024-03-28 20:46:53', '2024-03-28 20:46:53'),
(752, 146, 72, '2024-03-28 20:46:53', '2024-03-28 20:46:53'),
(754, 147, 7, '2024-03-28 20:46:53', '2024-03-28 20:46:53'),
(755, 147, 10, '2024-03-28 20:46:53', '2024-03-28 20:46:53'),
(756, 147, 43, '2024-03-28 20:46:53', '2024-03-28 20:46:53'),
(757, 147, 51, '2024-03-28 20:46:53', '2024-03-28 20:46:53'),
(758, 147, 54, '2024-03-28 20:46:53', '2024-03-28 20:46:53'),
(759, 147, 62, '2024-03-28 20:46:53', '2024-03-28 20:46:53'),
(760, 147, 69, '2024-03-28 20:46:53', '2024-03-28 20:46:53'),
(761, 147, 71, '2024-03-28 20:46:53', '2024-03-28 20:46:53'),
(762, 148, 13, '2024-03-28 20:46:53', '2024-03-28 20:46:53'),
(763, 148, 15, '2024-03-28 20:46:53', '2024-03-28 20:46:53'),
(764, 148, 40, '2024-03-28 20:46:53', '2024-03-28 20:46:53'),
(765, 148, 62, '2024-03-28 20:46:53', '2024-03-28 20:46:53'),
(766, 149, 12, '2024-03-28 20:46:53', '2024-03-28 20:46:53'),
(767, 149, 20, '2024-03-28 20:46:53', '2024-03-28 20:46:53'),
(768, 150, 10, '2024-03-28 20:46:53', '2024-03-28 20:46:53'),
(769, 150, 16, '2024-03-28 20:46:53', '2024-03-28 20:46:53'),
(770, 150, 18, '2024-03-28 20:46:53', '2024-03-28 20:46:53'),
(771, 150, 23, '2024-03-28 20:46:53', '2024-03-28 20:46:53'),
(772, 150, 24, '2024-03-28 20:46:53', '2024-03-28 20:46:53'),
(773, 150, 26, '2024-03-28 20:46:53', '2024-03-28 20:46:53'),
(774, 150, 28, '2024-03-28 20:46:53', '2024-03-28 20:46:53'),
(775, 150, 29, '2024-03-28 20:46:53', '2024-03-28 20:46:53'),
(776, 150, 39, '2024-03-28 20:46:53', '2024-03-28 20:46:53'),
(777, 150, 64, '2024-03-28 20:46:53', '2024-03-28 20:46:53'),
(778, 151, 14, '2024-03-28 20:46:53', '2024-03-28 20:46:53'),
(779, 151, 32, '2024-03-28 20:46:53', '2024-03-28 20:46:53'),
(780, 151, 76, '2024-03-28 20:46:53', '2024-03-28 20:46:53'),
(782, 152, 14, '2024-03-28 20:46:53', '2024-03-28 20:46:53'),
(783, 152, 25, '2024-03-28 20:46:53', '2024-03-28 20:46:53'),
(784, 152, 30, '2024-03-28 20:46:53', '2024-03-28 20:46:53'),
(785, 152, 59, '2024-03-28 20:46:53', '2024-03-28 20:46:53'),
(786, 152, 65, '2024-03-28 20:46:53', '2024-03-28 20:46:53'),
(787, 153, 28, '2024-03-28 20:46:53', '2024-03-28 20:46:53'),
(788, 153, 72, '2024-03-28 20:46:53', '2024-03-28 20:46:53'),
(789, 153, 75, '2024-03-28 20:46:53', '2024-03-28 20:46:53'),
(790, 154, 12, '2024-03-28 20:46:53', '2024-03-28 20:46:53'),
(791, 154, 18, '2024-03-28 20:46:53', '2024-03-28 20:46:53'),
(792, 154, 32, '2024-03-28 20:46:53', '2024-03-28 20:46:53'),
(793, 154, 44, '2024-03-28 20:46:53', '2024-03-28 20:46:53'),
(794, 154, 48, '2024-03-28 20:46:53', '2024-03-28 20:46:53'),
(795, 154, 51, '2024-03-28 20:46:53', '2024-03-28 20:46:53'),
(796, 154, 69, '2024-03-28 20:46:53', '2024-03-28 20:46:53'),
(797, 154, 72, '2024-03-28 20:46:53', '2024-03-28 20:46:53'),
(798, 154, 74, '2024-03-28 20:46:53', '2024-03-28 20:46:53'),
(799, 155, 10, '2024-03-28 20:46:53', '2024-03-28 20:46:53'),
(800, 155, 42, '2024-03-28 20:46:53', '2024-03-28 20:46:53'),
(802, 156, 7, '2024-03-28 20:46:53', '2024-03-28 20:46:53'),
(803, 156, 23, '2024-03-28 20:46:53', '2024-03-28 20:46:53'),
(804, 156, 46, '2024-03-28 20:46:53', '2024-03-28 20:46:53'),
(805, 156, 57, '2024-03-28 20:46:53', '2024-03-28 20:46:53'),
(806, 157, 18, '2024-03-28 20:46:53', '2024-03-28 20:46:53'),
(807, 157, 19, '2024-03-28 20:46:53', '2024-03-28 20:46:53'),
(808, 157, 20, '2024-03-28 20:46:53', '2024-03-28 20:46:53'),
(809, 157, 27, '2024-03-28 20:46:53', '2024-03-28 20:46:53'),
(810, 157, 28, '2024-03-28 20:46:53', '2024-03-28 20:46:53'),
(811, 157, 29, '2024-03-28 20:46:53', '2024-03-28 20:46:53'),
(812, 157, 34, '2024-03-28 20:46:53', '2024-03-28 20:46:53'),
(813, 157, 37, '2024-03-28 20:46:53', '2024-03-28 20:46:53'),
(814, 157, 69, '2024-03-28 20:46:53', '2024-03-28 20:46:53'),
(815, 157, 74, '2024-03-28 20:46:53', '2024-03-28 20:46:53'),
(816, 158, 7, '2024-03-28 20:46:53', '2024-03-28 20:46:53'),
(817, 158, 9, '2024-03-28 20:46:53', '2024-03-28 20:46:53'),
(818, 158, 25, '2024-03-28 20:46:53', '2024-03-28 20:46:53'),
(819, 158, 40, '2024-03-28 20:46:53', '2024-03-28 20:46:53'),
(820, 158, 48, '2024-03-28 20:46:53', '2024-03-28 20:46:53'),
(822, 159, 18, '2024-03-28 20:46:53', '2024-03-28 20:46:53'),
(823, 159, 32, '2024-03-28 20:46:53', '2024-03-28 20:46:53'),
(824, 159, 39, '2024-03-28 20:46:53', '2024-03-28 20:46:53'),
(825, 159, 57, '2024-03-28 20:46:53', '2024-03-28 20:46:53'),
(826, 159, 72, '2024-03-28 20:46:53', '2024-03-28 20:46:53'),
(827, 159, 76, '2024-03-28 20:46:53', '2024-03-28 20:46:53'),
(829, 160, 9, '2024-03-28 20:46:53', '2024-03-28 20:46:53'),
(830, 160, 12, '2024-03-28 20:46:53', '2024-03-28 20:46:53'),
(831, 160, 21, '2024-03-28 20:46:53', '2024-03-28 20:46:53'),
(832, 160, 29, '2024-03-28 20:46:53', '2024-03-28 20:46:53'),
(833, 160, 31, '2024-03-28 20:46:53', '2024-03-28 20:46:53'),
(834, 160, 33, '2024-03-28 20:46:53', '2024-03-28 20:46:53'),
(835, 160, 42, '2024-03-28 20:46:53', '2024-03-28 20:46:53'),
(836, 160, 54, '2024-03-28 20:46:53', '2024-03-28 20:46:53'),
(837, 160, 70, '2024-03-28 20:46:53', '2024-03-28 20:46:53'),
(838, 161, 50, '2024-03-28 20:46:53', '2024-03-28 20:46:53'),
(840, 162, 7, '2024-03-28 20:46:53', '2024-03-28 20:46:53'),
(841, 162, 11, '2024-03-28 20:46:53', '2024-03-28 20:46:53'),
(842, 162, 26, '2024-03-28 20:46:53', '2024-03-28 20:46:53'),
(843, 162, 34, '2024-03-28 20:46:53', '2024-03-28 20:46:53'),
(844, 162, 59, '2024-03-28 20:46:53', '2024-03-28 20:46:53'),
(845, 162, 67, '2024-03-28 20:46:53', '2024-03-28 20:46:53'),
(846, 162, 69, '2024-03-28 20:46:53', '2024-03-28 20:46:53'),
(849, 163, 49, '2024-03-28 20:46:53', '2024-03-28 20:46:53'),
(850, 163, 52, '2024-03-28 20:46:53', '2024-03-28 20:46:53'),
(852, 164, 14, '2024-03-28 20:46:53', '2024-03-28 20:46:53'),
(853, 164, 25, '2024-03-28 20:46:53', '2024-03-28 20:46:53'),
(854, 164, 47, '2024-03-28 20:46:53', '2024-03-28 20:46:53'),
(855, 164, 67, '2024-03-28 20:46:53', '2024-03-28 20:46:53'),
(856, 164, 69, '2024-03-28 20:46:53', '2024-03-28 20:46:53'),
(857, 164, 71, '2024-03-28 20:46:53', '2024-03-28 20:46:53'),
(859, 165, 14, '2024-03-28 20:46:53', '2024-03-28 20:46:53'),
(860, 165, 33, '2024-03-28 20:46:53', '2024-03-28 20:46:53'),
(861, 165, 34, '2024-03-28 20:46:53', '2024-03-28 20:46:53'),
(862, 165, 36, '2024-03-28 20:46:53', '2024-03-28 20:46:53'),
(863, 165, 40, '2024-03-28 20:46:53', '2024-03-28 20:46:53'),
(864, 165, 48, '2024-03-28 20:46:53', '2024-03-28 20:46:53'),
(865, 165, 63, '2024-03-28 20:46:53', '2024-03-28 20:46:53'),
(866, 165, 74, '2024-03-28 20:46:53', '2024-03-28 20:46:53'),
(867, 165, 75, '2024-03-28 20:46:53', '2024-03-28 20:46:53'),
(869, 166, 15, '2024-03-28 20:46:53', '2024-03-28 20:46:53'),
(870, 166, 42, '2024-03-28 20:46:53', '2024-03-28 20:46:53'),
(871, 166, 43, '2024-03-28 20:46:53', '2024-03-28 20:46:53'),
(872, 166, 46, '2024-03-28 20:46:53', '2024-03-28 20:46:53'),
(873, 166, 57, '2024-03-28 20:46:53', '2024-03-28 20:46:53'),
(874, 166, 70, '2024-03-28 20:46:53', '2024-03-28 20:46:53'),
(875, 167, 24, '2024-03-28 20:46:53', '2024-03-28 20:46:53'),
(876, 167, 33, '2024-03-28 20:46:53', '2024-03-28 20:46:53'),
(877, 167, 42, '2024-03-28 20:46:53', '2024-03-28 20:46:53'),
(878, 167, 46, '2024-03-28 20:46:53', '2024-03-28 20:46:53'),
(879, 167, 54, '2024-03-28 20:46:53', '2024-03-28 20:46:53'),
(880, 167, 61, '2024-03-28 20:46:53', '2024-03-28 20:46:53'),
(881, 167, 70, '2024-03-28 20:46:53', '2024-03-28 20:46:53'),
(882, 167, 76, '2024-03-28 20:46:53', '2024-03-28 20:46:53'),
(883, 168, 10, '2024-03-28 20:46:53', '2024-03-28 20:46:53'),
(884, 168, 12, '2024-03-28 20:46:53', '2024-03-28 20:46:53'),
(885, 168, 34, '2024-03-28 20:46:53', '2024-03-28 20:46:53'),
(886, 168, 38, '2024-03-28 20:46:53', '2024-03-28 20:46:53'),
(887, 168, 41, '2024-03-28 20:46:53', '2024-03-28 20:46:53'),
(888, 168, 67, '2024-03-28 20:46:53', '2024-03-28 20:46:53'),
(889, 168, 69, '2024-03-28 20:46:53', '2024-03-28 20:46:53'),
(890, 168, 71, '2024-03-28 20:46:53', '2024-03-28 20:46:53'),
(891, 168, 73, '2024-03-28 20:46:53', '2024-03-28 20:46:53'),
(893, 169, 49, '2024-03-28 20:46:53', '2024-03-28 20:46:53'),
(894, 169, 60, '2024-03-28 20:46:53', '2024-03-28 20:46:53'),
(895, 170, 15, '2024-03-28 20:46:53', '2024-03-28 20:46:53'),
(896, 170, 27, '2024-03-28 20:46:53', '2024-03-28 20:46:53'),
(897, 170, 29, '2024-03-28 20:46:53', '2024-03-28 20:46:53'),
(898, 170, 51, '2024-03-28 20:46:53', '2024-03-28 20:46:53'),
(899, 170, 62, '2024-03-28 20:46:53', '2024-03-28 20:46:53'),
(900, 170, 65, '2024-03-28 20:46:53', '2024-03-28 20:46:53'),
(909, 181, 7, '2024-04-17 22:38:03', '2024-04-17 22:38:03'),
(910, 181, 8, '2024-04-17 22:38:06', '2024-04-17 22:38:06');

-- --------------------------------------------------------

--
-- Структура таблицы `migrations`
--

CREATE TABLE `migrations` (
  `id` int UNSIGNED NOT NULL,
  `migration` varchar(255) COLLATE utf8mb4_unicode_ci NOT NULL,
  `batch` int NOT NULL
) ENGINE=InnoDB DEFAULT CHARSET=utf8mb4 COLLATE=utf8mb4_unicode_ci;

--
-- Дамп данных таблицы `migrations`
--

INSERT INTO `migrations` (`id`, `migration`, `batch`) VALUES
(10, '2014_10_12_000000_create_users_table', 1),
(11, '2014_10_12_100000_create_password_reset_tokens_table', 1),
(12, '2019_08_19_000000_create_failed_jobs_table', 1),
(13, '2019_12_14_000001_create_personal_access_tokens_table', 1),
(14, '2024_03_08_021121_create_ideas_table', 1),
(15, '2024_03_15_101840_create_comments_table', 1),
(16, '2024_03_18_163543_add_bio_and_image_to_users', 2),
(17, '2024_03_18_192046_create_follower_user_table', 3),
(18, '2024_03_24_225028_remove_likes_from_ideas', 4),
(19, '2024_03_25_001119_create_idea_like_table', 5),
(20, '2024_03_26_004506_add_is_admin_to_users_table', 6);

-- --------------------------------------------------------

--
-- Структура таблицы `password_reset_tokens`
--

CREATE TABLE `password_reset_tokens` (
  `email` varchar(255) COLLATE utf8mb4_unicode_ci NOT NULL,
  `token` varchar(255) COLLATE utf8mb4_unicode_ci NOT NULL,
  `created_at` timestamp NULL DEFAULT NULL
) ENGINE=InnoDB DEFAULT CHARSET=utf8mb4 COLLATE=utf8mb4_unicode_ci;

-- --------------------------------------------------------

--
-- Структура таблицы `personal_access_tokens`
--

CREATE TABLE `personal_access_tokens` (
  `id` bigint UNSIGNED NOT NULL,
  `tokenable_type` varchar(255) COLLATE utf8mb4_unicode_ci NOT NULL,
  `tokenable_id` bigint UNSIGNED NOT NULL,
  `name` varchar(255) COLLATE utf8mb4_unicode_ci NOT NULL,
  `token` varchar(64) COLLATE utf8mb4_unicode_ci NOT NULL,
  `abilities` text COLLATE utf8mb4_unicode_ci,
  `last_used_at` timestamp NULL DEFAULT NULL,
  `expires_at` timestamp NULL DEFAULT NULL,
  `created_at` timestamp NULL DEFAULT NULL,
  `updated_at` timestamp NULL DEFAULT NULL
) ENGINE=InnoDB DEFAULT CHARSET=utf8mb4 COLLATE=utf8mb4_unicode_ci;

-- --------------------------------------------------------

--
-- Структура таблицы `users`
--

CREATE TABLE `users` (
  `id` bigint UNSIGNED NOT NULL,
  `name` varchar(255) COLLATE utf8mb4_unicode_ci NOT NULL,
  `email` varchar(255) COLLATE utf8mb4_unicode_ci NOT NULL,
  `email_verified_at` timestamp NULL DEFAULT NULL,
  `password` varchar(255) COLLATE utf8mb4_unicode_ci NOT NULL,
  `remember_token` varchar(100) COLLATE utf8mb4_unicode_ci DEFAULT NULL,
  `created_at` timestamp NULL DEFAULT NULL,
  `updated_at` timestamp NULL DEFAULT NULL,
  `image` varchar(255) COLLATE utf8mb4_unicode_ci DEFAULT NULL,
  `bio` varchar(255) COLLATE utf8mb4_unicode_ci DEFAULT NULL,
  `is_admin` tinyint(1) NOT NULL DEFAULT '0'
) ENGINE=InnoDB DEFAULT CHARSET=utf8mb4 COLLATE=utf8mb4_unicode_ci;

--
-- Дамп данных таблицы `users`
--

INSERT INTO `users` (`id`, `name`, `email`, `email_verified_at`, `password`, `remember_token`, `created_at`, `updated_at`, `image`, `bio`, `is_admin`) VALUES
(14, 'Jackie Goldner', 'kschmitt@example.org', '2024-03-28 20:18:18', '$2y$12$Jz/ims5wo1JTDkhHaPJxvOKfepf8kb.0tG9c5Tz.h5NIdbSlxe8Oi', 'XCSgNjkLYa', '2024-03-28 20:18:18', '2024-03-28 20:29:58', NULL, NULL, 0),
(15, 'Abagail Veum V', 'sigrid26@example.org', '2024-03-28 20:18:18', '$2y$12$oZZCkAsdknshn0Bn.av84Oohd.n8kZ942lX9aoZRVi/6MF/cDh1kC', 'XxBgKxbDiI', '2024-03-28 20:18:18', '2024-03-28 20:29:58', NULL, NULL, 0),
(16, 'Prof. Willa Dibbert', 'jast.michele@example.net', '2024-03-28 20:18:18', '$2y$12$kCoAehEYHRwEnkl.EoTWzOWM8B72kprRrDD7j2BJ3R9mUm2QYJ012', '8pSZu16HK3', '2024-03-28 20:18:18', '2024-03-28 20:29:58', NULL, NULL, 0),
(17, 'Santos Smitham', 'korey.mckenzie@example.org', '2024-03-28 20:18:18', '$2y$12$dw/BmrewzQ4Le8uLmkr0xORK5BGeEcG6l1lPPGf3tpqUVljqGQmoi', 'He11WJk7sV', '2024-03-28 20:18:18', '2024-03-28 20:29:59', NULL, NULL, 0),
(18, 'Ms. Kylee Nienow', 'stefan.ritchie@example.net', '2024-03-28 20:18:18', '$2y$12$XSVe9XiWUAXLMgfpqnXJGeqXZiZDv7PZagmSWXQQQYgqcXl1xthve', 'uEcEkKZcSP', '2024-03-28 20:18:18', '2024-03-28 20:29:59', NULL, NULL, 0),
(19, 'Monique Dibbert IV', 'candelario28@example.net', '2024-03-28 20:18:18', '$2y$12$TsFQ862SzbpFmOFU1QkyVuIK1NH2XbBhUg920DTYM3ItU/QjovhOO', '9DlHD38eLq', '2024-03-28 20:18:18', '2024-03-28 20:29:59', NULL, NULL, 0),
(20, 'Jessica Daniel', 'jabari.lockman@example.com', '2024-03-28 20:18:18', '$2y$12$fXoKS.spu6n1G13eN2g7lOfdEZ1JppFxjJCY49Nlh2sfS.WVsqJa.', 'bXIJzf13tx', '2024-03-28 20:18:18', '2024-03-28 20:29:59', NULL, NULL, 0),
(21, 'Brittany O\'Kon', 'prenner@example.net', '2024-03-28 20:18:18', '$2y$12$NlL0Ozmvoru3fr9ijezt2OSf1jIygv5IESKj5C.HXGmGTlYhknV8q', 'quaDh9HcQk', '2024-03-28 20:18:18', '2024-03-28 20:30:00', NULL, NULL, 0),
(22, 'Maryam Simonis DDS', 'hoeger.gina@example.net', '2024-03-28 20:18:18', '$2y$12$vJvPRlOeo5DhE3gmjDxKv.IWtwU5kN/tNujKQXjK5NL821Mt82Oym', 'Tw5COUBFRr', '2024-03-28 20:18:18', '2024-03-28 20:30:00', NULL, NULL, 0),
(23, 'Scot Schamberger', 'hosea86@example.org', '2024-03-28 20:18:18', '$2y$12$UMgBooAVjWU45myOtd.XJue.UsfhBYhonKm.0jyBIYUlrUFJVpoJa', 'ZmKYIKkgcM', '2024-03-28 20:18:18', '2024-03-28 20:30:00', NULL, NULL, 0),
(24, 'Jordon Kilback', 'mayra.gutkowski@example.org', '2024-03-28 20:18:18', '$2y$12$0dZ6Cv0AJY8CGbdvha1GYesS5hi9TeE8otber7ROG16XrKj9WNVoi', 'obx6wZWemC', '2024-03-28 20:18:18', '2024-03-28 20:30:00', NULL, NULL, 0),
(25, 'Miss Amaya Lindgren', 'mozell16@example.org', '2024-03-28 20:18:18', '$2y$12$DjfWQLM8jIapV6ezJ0blfeLh05Oq0ncWx.qBjnOsOW4cgdPc7rWk6', 'laqKgTbe16', '2024-03-28 20:18:18', '2024-03-28 20:30:01', NULL, NULL, 0),
(26, 'Dayana Crist', 'monserrate55@example.com', '2024-03-28 20:18:18', '$2y$12$R.HKC7vLDokG0.fVNXhf5epyVjVL3JMwFMKj.VoMhPTixdKW7JOBa', '4mPGj8MBQO', '2024-03-28 20:18:18', '2024-03-28 20:30:01', NULL, NULL, 0),
(27, 'Miss Chloe Weissnat', 'buford33@example.com', '2024-03-28 20:18:18', '$2y$12$wCJd4OrZBOnFMtwLC4E2gOKd1Vx010wFqPj7rOAtXThTj8Ij3Nqne', 'Cn5DeXI9VU', '2024-03-28 20:18:18', '2024-03-28 20:30:01', NULL, NULL, 0),
(28, 'Margaret Schuppe', 'dario.homenick@example.com', '2024-03-28 20:18:18', '$2y$12$KgaFDQd07azVDAuL1Ixlg.Xo/.hhBNXdXo99xEEs4YSyvKgy2xCTS', 'garW5Dhc5L', '2024-03-28 20:18:18', '2024-03-28 20:30:01', NULL, NULL, 0),
(29, 'Miller Conn', 'xavier73@example.net', '2024-03-28 20:18:18', '$2y$12$BNmPFJBsPxqBl/NE1PNCaOC85GSwN96Ws7BF5UDylntrRReE3d0s6', 'nXgRD7BNwO', '2024-03-28 20:18:18', '2024-03-28 20:30:02', NULL, NULL, 0),
(30, 'Dominique Williamson', 'johnathon31@example.net', '2024-03-28 20:18:18', '$2y$12$NEHicmkHCiS8DC6OWpOL.eYRsOongIVZ76AACEgj8fB1SgMVlCKha', '2ZY6t0PsXN', '2024-03-28 20:18:18', '2024-03-28 20:30:02', NULL, NULL, 0),
(31, 'Aurelie Hermann', 'lexus.harber@example.org', '2024-03-28 20:18:18', '$2y$12$HN7A2KY29kUQuen.9YCxWO96ew3ujCpVo/.swtH7Upn1KwHiMGBE.', 'NuafqSaVZO', '2024-03-28 20:18:18', '2024-03-28 20:30:02', NULL, NULL, 0),
(32, 'Prof. Collin Bogisich', 'welch.henderson@example.net', '2024-03-28 20:18:18', '$2y$12$./gb8dsveCpzxGtfkKwQj.NP0CLMMwzU5oF25guPpNyD2OWs8maoe', '2nrM6J2sqZ', '2024-03-28 20:18:18', '2024-03-28 20:30:02', NULL, NULL, 0),
(33, 'Dr. Fritz Lehner I', 'garett05@example.com', '2024-03-28 20:18:18', '$2y$12$vPU4WQZ/VqecoWG/G4RDK.i17epN.mviBiF0I8ijDlNrolmDQFPIS', '2x2eGfLyWZ', '2024-03-28 20:18:18', '2024-03-28 20:30:03', NULL, NULL, 0),
(34, 'Prof. Everett Hermann', 'eusebio.collier@example.net', '2024-03-28 20:18:18', '$2y$12$JVwv5NgbarjLKMSsKzeMneuhtJlxIPqbwb9JlPa2CmyA9RjSADKjm', 'hVKqiujzkf', '2024-03-28 20:18:18', '2024-03-28 20:30:03', NULL, NULL, 0),
(35, 'Yesenia King', 'scotty.cronin@example.org', '2024-03-28 20:18:18', '$2y$12$7r0jH.8cT11ITHEzl1wq5e2iT0HjIpW1W4WyWTI.nfvowPoQBC8O.', 'DR5623J6DbrNjLCXP9rgUrmSM0enNntoNN00eBQkdOFjPAvqCWKYeEIMZOYJ', '2024-03-28 20:18:18', '2024-03-28 20:30:03', NULL, NULL, 0),
(36, 'Dena Legros PhD', 'eugenia40@example.net', '2024-03-28 20:18:18', '$2y$12$31G2j6s2RnexouW6j3m/2e1Z6JV.lgtbMr3hIUzN8HLDO3CoshCBi', 'syVpx2j4bo9siwu56cEdk7RF7fXcDa8YBjVwem7Z39ivjYDlU3oHIrqGosTC', '2024-03-28 20:18:18', '2024-03-28 20:30:03', NULL, NULL, 0),
(37, 'Ms. Christine Kertzmann III', 'roob.enola@example.com', '2024-03-28 20:18:18', '$2y$12$F/JWhTcnSbJ9xR1nUxRHXuO36P4kiHLj/YZ2VWJJ17m6.xE0PGTwy', 'dcYDQrXDPc', '2024-03-28 20:18:18', '2024-03-28 20:30:04', NULL, NULL, 0),
(38, 'Kraig Hayes III', 'wilfrid.murray@example.net', '2024-03-28 20:18:18', '$2y$12$TSsBux0/CZQvsFTAb227n.kiw/or/fJRUvrCDgMqvtwLd9sZewlWG', '67f1sx1waL', '2024-03-28 20:18:18', '2024-03-28 20:30:04', NULL, NULL, 0),
(39, 'Jackie Brekke', 'xwelch@example.net', '2024-03-28 20:18:18', '$2y$12$VshiJonPmlJvfU6XqidAXuBxTMGUVdsr2.wsosdlP45WL4M2tkHiG', '4Fq45GeasR', '2024-03-28 20:18:18', '2024-03-28 20:30:04', NULL, NULL, 0),
(40, 'Jakob Welch', 'pearl79@example.org', '2024-03-28 20:18:18', '$2y$12$XZVOxG68nlm.YffVeq5fFeD2QiyeZIWcHD6Y2NOwCZ72/eKhOCMiy', 'd4dzfcugRP', '2024-03-28 20:18:18', '2024-03-28 20:30:04', NULL, NULL, 0),
(41, 'Dewayne Bartell Sr.', 'hilbert34@example.org', '2024-03-28 20:18:49', '$2y$12$eaMGAPWh1KEVJI/BwiW5yeHv4NV9y/vrNKcahZmmIuPQl53JDMIZS', 'YMwJNNtCWd', '2024-03-28 20:18:49', '2024-03-28 20:30:04', NULL, NULL, 0),
(42, 'Miss Lucie Marks PhD', 'sanford.cole@example.net', '2024-03-28 20:18:49', '$2y$12$Wl2sk9ncEbtXZc3E8WIjNuc9k.t.zAEe7xLan57eS.q0U9RTS2piq', 'KiqJJ0TsCw', '2024-03-28 20:18:49', '2024-03-28 20:30:05', NULL, NULL, 0),
(43, 'Estel Hoeger', 'kareem78@example.com', '2024-03-28 20:18:49', '$2y$12$Jjh7W/mz4/Euyc9gpaNKCuEYttB/ge0mJdPRZpOrPfq0jx/1xaQma', 'LCZRsFZfrq', '2024-03-28 20:18:49', '2024-03-28 20:30:05', NULL, NULL, 0),
(44, 'Shea Dare', 'block.abdiel@example.net', '2024-03-28 20:18:49', '$2y$12$JT929WgrUFhEu.hrezaqte6Bt3kggGjATb/zuN/Pono5L1la0/NBS', 'l6UgvR8vEC', '2024-03-28 20:18:49', '2024-03-28 20:30:05', NULL, NULL, 0),
(45, 'Jamir Kassulke', 'micah10@example.net', '2024-03-28 20:18:49', '$2y$12$XsqbR7jYbAauptOwLO1oL./Uc/i4Z6y1/aRNfB.MO0UJd92bcsM3u', 'ZiHExBbZwe', '2024-03-28 20:18:49', '2024-03-28 20:30:05', NULL, NULL, 0),
(46, 'Cecelia Schiller', 'orland.stiedemann@example.com', '2024-03-28 20:18:49', '$2y$12$2bT8SzmU.0HmOz0Cjqld3ubAv4uyWzc6I3LOT.pFbhkBG92mcaIBC', '25qWMELDtN', '2024-03-28 20:18:49', '2024-03-28 20:30:06', NULL, NULL, 0),
(47, 'Gianni Price', 'hayes.lenna@example.org', '2024-03-28 20:18:49', '$2y$12$J6bq4tEdRjn1luGk5jihfusQxNhzaF8Sa2oGU0QyYOdx1ttOXoMoq', 'Ku4dLtBFqV', '2024-03-28 20:18:49', '2024-03-28 20:30:06', NULL, NULL, 0),
(48, 'Effie Abbott', 'johns.amely@example.com', '2024-03-28 20:18:49', '$2y$12$MmG8CRn7jwSOdLgufM9zjeFaFtWcwOtipE/lbEltPlZ.ivpI2Jhc.', 'RtBweEIBbF', '2024-03-28 20:18:49', '2024-03-28 20:30:06', NULL, NULL, 0),
(49, 'Miss Skyla Hermann IV', 'oconsidine@example.org', '2024-03-28 20:18:49', '$2y$12$0iaZslXBe5d6Aze1YdaV6uROxqVMWleVWMY9Cu6LPJGmCZC0gluk2', 'nQDUArcx8O', '2024-03-28 20:18:49', '2024-03-28 20:30:06', NULL, NULL, 0),
(50, 'Mateo Osinski', 'ebechtelar@example.org', '2024-03-28 20:18:49', '$2y$12$N4pyjRaJg4T876ibOF1Z6eZXqVdSDMy5gvEIDL71llxXHgoQXql0O', 'lCH5w4yjlv', '2024-03-28 20:18:49', '2024-03-28 20:30:07', NULL, NULL, 0),
(51, 'Leanna Blick', 'sebastian94@example.org', '2024-03-28 20:18:49', '$2y$12$he67x89QL/ucoU/ZVmk76.ESL9.S.ZOdcLcOZrGlR92KQP9.msp5q', 'DGb0h6xsH0', '2024-03-28 20:18:49', '2024-03-28 20:30:07', NULL, NULL, 0),
(52, 'Sammie Russel III', 'leffertz@example.org', '2024-03-28 20:18:49', '$2y$12$V1n67Wd1bseUmR3Xk22nDO39AKBYX2BaWt/DbohZECMdjrbzRbKLC', 'LURvAhQ7YU', '2024-03-28 20:18:49', '2024-03-28 20:30:07', NULL, NULL, 0),
(53, 'Aditya Okuneva', 'dave.rutherford@example.net', '2024-03-28 20:18:49', '$2y$12$d6SJHZmkHGSQqfxe2DxyC.3xk6zHU9xmf2I9U2yvM2C.mAfHEbbv6', '3EfV94im3C', '2024-03-28 20:18:49', '2024-03-28 20:30:07', NULL, NULL, 0),
(54, 'Hellen Mills', 'tracy17@example.com', '2024-03-28 20:18:49', '$2y$12$BKIhvhd5ff5FWCgIZGR0au9JoLNl69t9z.9WiPcd975AZreFYwlIK', 'MReDxoMq6I', '2024-03-28 20:18:49', '2024-03-28 20:30:08', NULL, NULL, 0),
(55, 'Aiden King', 'kamryn.yost@example.net', '2024-03-28 20:18:49', '$2y$12$lkEQxP7mIDp4TDdCX6ta4epLRKdyf9H0zoUtkBXMMRIHgpZwIPpoG', 'B5LfVtskcG', '2024-03-28 20:18:49', '2024-03-28 20:30:08', NULL, NULL, 0),
(56, 'Lonzo Thiel', 'xhyatt@example.org', '2024-03-28 20:18:49', '$2y$12$O/9fSHTghwrZsL0Izxrmjelu7l1dBJwwb9tUw3Ju9JrvM4Sv6Ocke', '0TXwbROQwF', '2024-03-28 20:18:49', '2024-03-28 20:30:08', NULL, NULL, 0),
(57, 'Rhea Bogisich', 'kristy.lind@example.org', '2024-03-28 20:18:49', '$2y$12$KC6Q1rUKLHjA8IZtEqwlXueGGsFjtaaQ.JmEHLlDh8ZF8B.IG7tdG', 'WYVfs90fne', '2024-03-28 20:18:49', '2024-03-28 20:30:08', NULL, NULL, 0),
(58, 'Dr. Carli Beatty', 'alize61@example.net', '2024-03-28 20:18:49', '$2y$12$PpIle38GxcywqUvwd7Q7MegbqALURIWqboyDUbcMeeo840Rhn/q8e', 'VCV6iBBCgJ', '2024-03-28 20:18:49', '2024-03-28 20:30:09', NULL, NULL, 0),
(59, 'Nova Jakubowski', 'tgoodwin@example.com', '2024-03-28 20:18:49', '$2y$12$4dss1pRnx9hOXOue4VKsnOt3.P4K7aHBUpOUoE.FweuF56FKKJ.8q', 'WACi91L7YJ', '2024-03-28 20:18:49', '2024-03-28 20:30:09', NULL, NULL, 0),
(60, 'Jamil Bechtelar', 'ijaskolski@example.org', '2024-03-28 20:18:49', '$2y$12$uTWw2NEBZ2TlWfliA4patuoukHjDtVMlMdfXyooZpU5NCFG6G8wDu', 'QsPY4xb0fv', '2024-03-28 20:18:49', '2024-03-28 20:30:09', NULL, NULL, 0),
(61, 'Marielle Schultz', 'hmurphy@example.net', '2024-03-28 20:18:49', '$2y$12$mqINFfCD2LRAwmOXrw7vT.s8nnU.NKVLKjh0MNcDRxSdEpInW7tnm', 'jbl7JSZEeZ', '2024-03-28 20:18:49', '2024-03-28 20:30:09', NULL, NULL, 0),
(62, 'Nikita Beatty', 'fswift@example.net', '2024-03-28 20:18:49', '$2y$12$XN0aBpBC3p5gOKQqLBylk.VWjPoRP79QkahkSBpFbiLhYrisdpO5m', 'Q3mkqK0bf3', '2024-03-28 20:18:49', '2024-03-28 20:30:10', NULL, NULL, 0),
(63, 'Mrs. Sadie Mitchell DDS', 'emmerich.sarina@example.net', '2024-03-28 20:18:49', '$2y$12$AbU0dqAeOSX3o9LRECcbkekH9j9KmD2OLJj4YL43jAHGRyYl3VTAi', 'pMPwikUFwM', '2024-03-28 20:18:49', '2024-03-28 20:30:10', NULL, NULL, 0),
(64, 'Lucile Yost', 'jacobi.patsy@example.com', '2024-03-28 20:18:49', '$2y$12$XaCqzg.S29RgbHrWnGemh.rpADbTBUVp/dqgBjffoE28HLZnxYaFC', 'aq72LC1pIJ', '2024-03-28 20:18:49', '2024-03-28 20:30:10', NULL, NULL, 0),
(65, 'Mrs. Wava Haag PhD', 'rippin.megane@example.org', '2024-03-28 20:18:49', '$2y$12$LgeuSCbPlEySU4/6UDoIUuSk.xyiB0FxWToLZ0DYFg.3O5LaaOsxO', 'WttGBJtNFa', '2024-03-28 20:18:49', '2024-03-28 20:30:10', NULL, NULL, 0),
(66, 'Dr. Velda Rohan', 'nayeli34@example.org', '2024-03-28 20:18:49', '$2y$12$Gz4I8AOzrxe8h6PP2pUThu/HVlgNEyIFlogtd0i8annz7wkSDiIbq', 'bW4cnJA1bF', '2024-03-28 20:18:49', '2024-03-28 20:30:11', NULL, NULL, 0),
(67, 'Maia Lebsack', 'hermiston.abner@example.com', '2024-03-28 20:18:49', '$2y$12$Jqlnby1RZs7eakUbzKGvjO3AQO6ZomdkNrcd3Qt0j1PtDvCOyNSDG', 'C49gbe6WnH', '2024-03-28 20:18:49', '2024-03-28 20:30:11', NULL, NULL, 0),
(68, 'Rebekah West', 'camden.lueilwitz@example.org', '2024-03-28 20:18:49', '$2y$12$DUCBCp.osWyKVhd9OYRwA.Re1pjK10W73syNmohwQGaWg2OL3KX2K', '72BI2wUgkn', '2024-03-28 20:18:49', '2024-03-28 20:30:11', NULL, NULL, 0),
(69, 'Dr. Stella Donnelly Jr.', 'cecil12@example.com', '2024-03-28 20:18:49', '$2y$12$4JRFU4raquCYTgQjIH1zS.PIWfVA8kBcB7msjerIhSlQDPioAWzva', 'zwoDAh1XMy', '2024-03-28 20:18:49', '2024-03-28 20:30:11', NULL, NULL, 0),
(70, 'Dr. Darren Jacobi', 'macy77@example.net', '2024-03-28 20:18:49', '$2y$12$05UGDFlr0GkR4arePMptqu5SgTCkJtmc.LG9M9uExat9aqPu1jBzW', 'Ih3xgj7Twd', '2024-03-28 20:18:49', '2024-03-28 20:30:12', NULL, NULL, 0),
(71, 'Dr. Clemens Weimann Jr.', 'justus.mertz@example.net', '2024-03-28 20:18:49', '$2y$12$NKwBJ8jH1CPRaaY9X.m2ve.j4BG9JZ6g5fnnQe5EW13jVvc8FW.em', 'seKSvzwhTh', '2024-03-28 20:18:49', '2024-03-28 20:30:12', NULL, NULL, 0),
(72, 'Dariana Hayes', 'gutmann.nolan@example.org', '2024-03-28 20:18:49', '$2y$12$Q6PTxzDEYb26P1BCPYrvQOTatWeRLaHCsxcvbKjBsZJbrQbLQhn9G', 'VIafwbBWbn', '2024-03-28 20:18:49', '2024-03-28 20:30:12', NULL, NULL, 0),
(73, 'Prof. Fleta Green', 'jacobi.cassandre@example.org', '2024-03-28 20:18:49', '$2y$12$B9mKjKR7Gsp3wvGnxtlXR.hjbNklLPRvS/uZOqDMplIyfpCi4mUVC', 'oAgYX7Cl65', '2024-03-28 20:18:49', '2024-03-28 20:30:12', NULL, NULL, 0),
(74, 'Mr. Amparo Grady I', 'pmurazik@example.com', '2024-03-28 20:18:49', '$2y$12$fE65b2BQ/BPMOMjPfT..1uBIQKV5g/B7Phlhbp3YfjrmZR0az.V8W', 'cv2inPxyav', '2024-03-28 20:18:49', '2024-03-28 20:30:12', NULL, NULL, 0),
(75, 'Manley Konopelski', 'hoeger.terrance@example.org', '2024-03-28 20:18:49', '$2y$12$NAdnTGu98P4jl44W6SZ2MuOkVvvd7mIuijjhZL5Z6QuaRFSaQnR/y', 'q9BBpwIlz1', '2024-03-28 20:18:49', '2024-03-28 20:30:13', NULL, NULL, 0),
(76, 'Merl Abshire', 'teagan49@example.org', '2024-03-28 20:18:49', '$2y$12$IHJcffL3NTUrfJAR/rRmWOWHYpPqchEb3XXJLFRApWAh7wnHrJBH.', 'BJBINkJq2C', '2024-03-28 20:18:49', '2024-03-28 20:30:13', NULL, NULL, 0),
(77, 'Natalie Murray', 'rvolkman@example.com', '2024-03-28 20:18:49', '$2y$12$G1M6QGVX7k.jgRHrm.yHBulokQn./Xk0kpArZidLxJ1lPh.sC//ry', 'YgNfFQCILM', '2024-03-28 20:18:49', '2024-03-28 20:30:13', NULL, NULL, 0),
(78, 'Aisha Okuneva', 'morris.cole@example.org', '2024-03-28 20:18:49', '$2y$12$jHR/Ab79fKmSrsL0eme1Be483V/HZED5kpEfVCNY.C2EONQzh6GY2', '0IypBlgoL5', '2024-03-28 20:18:49', '2024-03-28 20:30:13', NULL, NULL, 0),
(79, 'Noemi Berge', 'pouros.chadd@example.net', '2024-03-28 20:18:49', '$2y$12$PWZOWCEiyyaf.yFUYZi9RO3LLC3YWo1LP1wHUCqFJVkkd0mIDvPw.', 'SKJRUhMryp', '2024-03-28 20:18:49', '2024-03-28 20:30:14', NULL, NULL, 0),
(80, 'Aurelia Harber', 'german82@example.org', '2024-03-28 20:18:49', '$2y$12$QQ157.Yio.imtHCeJ3UHpOvieUdKmDLYPbFVOkZ6L7Bj6wHo/cQe6', 'EcdwgFd8Io', '2024-03-28 20:18:49', '2024-03-28 20:30:14', NULL, NULL, 0),
(81, 'Abbie Weissnat', 'dietrich.alvina@example.org', '2024-03-28 20:18:49', '$2y$12$EPI1Xl/UZCOeP2IbjKXsBOsHDQaEiBiFAPlSoIH2yFEFCbu46vcam', 'I9KkRDxrXo', '2024-03-28 20:18:49', '2024-03-28 20:30:14', NULL, NULL, 0),
(82, 'Maxwell Cassin', 'dietrich.glenna@example.org', '2024-03-28 20:18:49', '$2y$12$Ni7iEWD2TY6EAEXKIaEYpupU6rlKPzAQSooo3sxe08e1jN/cttlDO', 'K8xelwtRnh', '2024-03-28 20:18:49', '2024-03-28 20:30:14', NULL, NULL, 0),
(83, 'Delaney Borer', 'keith57@example.net', '2024-03-28 20:18:49', '$2y$12$vzf/nk5SoFM.1EfOdHCgD.EgGxpPT7rpEBv4R6w274ShBrTvP9hum', 'GZq20ftRDb', '2024-03-28 20:18:49', '2024-03-28 20:30:15', NULL, NULL, 0),
(84, 'Monroe Rosenbaum', 'yhand@example.net', '2024-03-28 20:18:49', '$2y$12$D6I3ApDfRToxx1MV8lycY.XY5lWzoNiM8zcB0qnIKPiFuU0NqD5ga', 'dYmwvlwJIU', '2024-03-28 20:18:49', '2024-03-28 20:30:15', NULL, NULL, 0),
(85, 'Krystel Conn', 'johnson.davis@example.net', '2024-03-28 20:18:49', '$2y$12$wWSSEBsp16q05SYf1BaT7OPUuNvba4SW2jaZClaOW12tNmLhSSBO2', '1TRh48LbZ0', '2024-03-28 20:18:49', '2024-03-28 20:30:15', NULL, NULL, 0),
(86, 'Prof. Mariana Jakubowski', 'hharvey@example.org', '2024-03-28 20:18:49', '$2y$12$jD2PIFVaJApEq3g1apDX7OaNkZ33ClxjCQx2MhkVqrwCPX0eit7wm', 'av7Q9RQcKm', '2024-03-28 20:18:49', '2024-03-28 20:30:15', NULL, NULL, 0),
(87, 'Prof. Victor Reynolds', 'russell.lemke@example.com', '2024-03-28 20:18:49', '$2y$12$67.n7i7gfl5cAza4w0p4/OSXVhSZR3MuwOsY2PEVGM9H9qnJBauze', 'olPynWCtg9', '2024-03-28 20:18:49', '2024-03-28 20:30:16', NULL, NULL, 0),
(88, 'Alfredo Nitzsche', 'sage69@example.com', '2024-03-28 20:18:49', '$2y$12$HUOOjiex.SPMUxAIGxX/FuvrVxnJ9c0JJEOGKzsdcYb1N0wHOEbAK', 'OLQQBbWrri', '2024-03-28 20:18:49', '2024-03-28 20:30:16', NULL, NULL, 0),
(89, 'Mikayla Walsh', 'candice60@example.net', '2024-03-28 20:18:49', '$2y$12$33lxQOp.OCp1WBsu3WGpme2oTpXk182TeP1wiu0r0uCfBSRnjjbNK', 'dm5JFkYP5u', '2024-03-28 20:18:49', '2024-03-28 20:30:16', NULL, NULL, 0),
(90, 'Kaylin Gorczany V', 'sgutkowski@example.com', '2024-03-28 20:18:49', '$2y$12$3nbrldRRE7c6SpyrmgiycOVktM6tlKdfJv5/f/3.E2yCnKFe69TSK', 'KTkJk7h6If', '2024-03-28 20:18:49', '2024-03-28 20:30:16', NULL, NULL, 0),
(91, 'Rod Kuhic I', 'cristopher41@example.org', '2024-03-28 20:18:49', '$2y$12$CuJFsbaFbBX.d.DbaL90AuGcrKNLflE.LNUCfaeaVOrh4.SB27zgW', 'fjzazTabPQ', '2024-03-28 20:18:49', '2024-03-28 20:30:17', NULL, NULL, 0),
(92, 'Maia Ondricka', 'windler.eveline@example.net', '2024-03-28 20:18:49', '$2y$12$IoMOeJK4bqcQHMdHucp5t.p9fQO/3Y3iLayLH1leBJ.B5tQC2DcQe', 'Zuj4ZGIDTk', '2024-03-28 20:18:49', '2024-03-28 20:30:17', NULL, NULL, 0),
(93, 'Rosetta Funk Jr.', 'lindgren.carlee@example.org', '2024-03-28 20:18:49', '$2y$12$oKE4bLvfSWGuqZQKWQEHXuEUEsJ1CXZhOicV1C9teDIe6rCLWf0jC', 'g1gBOrATKA', '2024-03-28 20:18:49', '2024-03-28 20:30:17', NULL, NULL, 0),
(94, 'Dr. Freddy Goyette I', 'vjohnston@example.org', '2024-03-28 20:18:49', '$2y$12$SskD/tlzhtZEg.8cNePKIe3u.sNrq0gRIBr9om7tKqPQCSWSX1MEy', 'LH0tt733Bn', '2024-03-28 20:18:49', '2024-03-28 20:30:17', NULL, NULL, 0),
(95, 'Yoshiko Stokes PhD', 'destiny.west@example.org', '2024-03-28 20:18:49', '$2y$12$9nBJQIyDS5tiFHbOvxBf6OtpV3hmHXzwIS5E/JzSu7Bxd8XLUxr5.', 'CWmIlSJSbl', '2024-03-28 20:18:49', '2024-03-28 20:30:18', NULL, NULL, 0),
(96, 'Bridie Ondricka', 'dtorp@example.org', '2024-03-28 20:18:49', '$2y$12$kjgd1uJbeAAB3Qd9q3jDbuj9xqIj63GkpXTpa6lAoGdjS1xiRutsa', '7ES76poiO2', '2024-03-28 20:18:49', '2024-03-28 20:30:18', NULL, NULL, 0),
(97, 'Andres Emmerich', 'paula80@example.org', '2024-03-28 20:18:49', '$2y$12$kJzyRxluW.g2Vi3hqYGMFODSrPZSA/99RtC64S4Y05QwWpJjwoNai', 'Oalj0zlygJ', '2024-03-28 20:18:49', '2024-03-28 20:30:18', NULL, NULL, 0),
(98, 'Ms. Cierra Rolfson', 'connie.monahan@example.net', '2024-03-28 20:18:49', '$2y$12$enGYQyBL1Gc576JZmFqLJeXiBL2gCG1ym2mxpTuq/4ZZ8wrcFR0Ga', 'Bzztht3Vi1', '2024-03-28 20:18:49', '2024-03-28 20:30:18', NULL, NULL, 0),
(99, 'Claudine Daniel', 'dickinson.brannon@example.net', '2024-03-28 20:18:49', '$2y$12$Tzx9XBKga506YbnpS44KVO.VPhFEOhnt//fd2Le1W1uG6iKyvDlbe', 'Ea9Kh7WUxn', '2024-03-28 20:18:49', '2024-03-28 20:30:19', NULL, NULL, 0),
(100, 'Keven Kessler', 'raltenwerth@example.com', '2024-03-28 20:18:49', '$2y$12$Au/ysceCnOJgffIZ70B9de87AH6d3uBWH/K7bGPRGjg1EdZMkKEmq', '4i2MVdHnAo', '2024-03-28 20:18:49', '2024-03-28 20:30:19', NULL, NULL, 0),
(101, 'Alphonso Powlowski III', 'orion.mraz@example.net', '2024-03-28 20:18:49', '$2y$12$I737xc8OhBTrVzFdbmGq7OGzCeFx5UX7dy86S2SVBqGIge.hxoDhy', 'CV9U5wnRgq', '2024-03-28 20:18:49', '2024-03-28 20:30:19', NULL, NULL, 0),
(102, 'Julien Hills', 'chaim.rolfson@example.com', '2024-03-28 20:18:49', '$2y$12$V6tuqSn2lAJrOWJwhPsdxO0Z/J.SCDy8T/or03lXSG7TzHn/eV1Pm', 'JIZNJeDNhV', '2024-03-28 20:18:49', '2024-03-28 20:30:19', NULL, NULL, 0),
(103, 'Mr. Wilmer Mitchell II', 'reta02@example.com', '2024-03-28 20:18:49', '$2y$12$bwtQnpDNOf1VdQ0ocjYixOTcFLQUCXY5b8QEIZ/W6J4kh03779MAu', 'C6Da3MA5fO', '2024-03-28 20:18:49', '2024-03-28 20:30:20', NULL, NULL, 0),
(104, 'Julio Funk', 'kuhn.dakota@example.org', '2024-03-28 20:18:49', '$2y$12$W2anojFp650RTFx4mdaYvORvHoAIGOJ69XPA437MFw6/NKWIT9O5i', '41N6KY39hp', '2024-03-28 20:18:49', '2024-03-28 20:30:20', NULL, NULL, 0),
(105, 'Ebba Rogahn', 'cremin.kole@example.com', '2024-03-28 20:18:49', '$2y$12$/0WLf3/b4seSb.46GRTdJOqZsfK490DANAawlvN9J.J.WX2QAYiGS', 'l2UaSdyjDa', '2024-03-28 20:18:49', '2024-03-28 20:30:20', NULL, NULL, 0),
(106, 'Emerald Klein', 'ari.hills@example.net', '2024-03-28 20:18:49', '$2y$12$C4SY.qUm5b4kIKAOcxP6nO7Y636sXjTsq.s72j7o0/qDr.a7B5WpC', 'rRcJLV8p3q', '2024-03-28 20:18:49', '2024-03-28 20:30:20', NULL, NULL, 0),
(107, 'Woodrow Price', 'nathen.tromp@example.com', '2024-03-28 20:18:49', '$2y$12$fjnC8YR6o8mO.2A1fFR6J.Yf.6eWQZVyEWvWMH.Ip6D9XwHg1vJoi', 'gbgYJj4IsH', '2024-03-28 20:18:49', '2024-03-28 20:30:21', NULL, NULL, 0),
(108, 'Ms. Laury Bradtke III', 'wdaniel@example.net', '2024-03-28 20:18:49', '$2y$12$DiPyAYvOBay2xAjWkMWn3edFBl7aD6BjhdzNSHkuHNglCW0mMkpn.', 'c3p9QJfwWX', '2024-03-28 20:18:49', '2024-03-28 20:30:21', NULL, NULL, 0),
(109, 'Miss Georgette Heaney IV', 'upton.moses@example.com', '2024-03-28 20:18:49', '$2y$12$ur9qFmt0nO.XTrilOZApiOKBn4aiA.o7zT2P/a5moi6Nu/kfRfOmy', 'HWlG0vPNAZ', '2024-03-28 20:18:49', '2024-03-28 20:30:21', NULL, NULL, 0),
(110, 'Thora Rogahn', 'kuhn.boris@example.com', '2024-03-28 20:18:49', '$2y$12$iS4LlIQGCaT3HizDpm1v4.APHLf1KzEwqP52eqhAWgUo32l6GHYge', 'n0W6p3g5uh', '2024-03-28 20:18:49', '2024-03-28 20:30:21', NULL, NULL, 0),
(111, 'Dr. Vernie Jacobi', 'haleigh97@example.org', '2024-03-28 20:18:49', '$2y$12$pnO/D6iHnwI2Muez9pM/PecdIgHN0pC8oXY.XQ26ki81dwW435kFi', '7v40IsPtfR', '2024-03-28 20:18:49', '2024-03-28 20:30:22', NULL, NULL, 0),
(112, 'Dawson Kovacek DDS', 'sebastian98@example.net', '2024-03-28 20:18:49', '$2y$12$iofjRibK8W9J97SHr8RjneQz1QAbMGbbmEoReBiJZzpeKVfT8J3ei', '0zVXIMjuM3', '2024-03-28 20:18:49', '2024-03-28 20:30:22', NULL, NULL, 0),
(113, 'Ansley Johns II', 'blakin@example.com', '2024-03-28 20:18:49', '$2y$12$glfNsQlndWT3gj5kC2QsG.HxAG8UtcyKW0IzdRwOOr/kf/7dU3QH2', 'Kskhld7V4b', '2024-03-28 20:18:49', '2024-03-28 20:30:22', NULL, NULL, 0),
(114, 'Clay Nicolas', 'johnson.jalen@example.com', '2024-03-28 20:18:49', '$2y$12$bMucS8E5A3qH6c/msKMa3expWftHm4TxGvJG/1HED7Op8s03hS1mO', 'd4v9ajsiNJ', '2024-03-28 20:18:49', '2024-03-28 20:30:22', NULL, NULL, 0),
(115, 'Lamont Cronin', 'rhagenes@example.com', '2024-03-28 20:18:49', '$2y$12$.nYuROAywGB6hCRC8npTC.2sLMJqcDQWPa9RFuhQbk3Ct4jO2QYkG', '52xL3H59sY', '2024-03-28 20:18:49', '2024-03-28 20:30:22', NULL, NULL, 0),
(116, 'Kelsie Mertz', 'aylin68@example.org', '2024-03-28 20:18:49', '$2y$12$cP3shNGp7yOlWwhTDDoVNuA2MlNVDklbY0BjDha1uafXayMIlgwvi', '5gDimMX8DN', '2024-03-28 20:18:49', '2024-03-28 20:30:23', NULL, NULL, 0),
(117, 'Billy Gerhold', 'sbuckridge@example.net', '2024-03-28 20:18:49', '$2y$12$9O52rwWeQjnbWuEw9k.Go.VkayIGBwBVjunfKq4MthsmADSMjODK.', 'wAAyqotNzN', '2024-03-28 20:18:49', '2024-03-28 20:30:23', NULL, NULL, 0),
(118, 'Brent Rippin', 'gosinski@example.net', '2024-03-28 20:18:49', '$2y$12$2PmNncBNxU7zbVqsL6BJI.kbvsfK7vIuoaceqFoRhoRDS4duQ/Gg.', 'QabGCAylBu', '2024-03-28 20:18:49', '2024-03-28 20:30:23', NULL, NULL, 0),
(119, 'Mr. Eriberto Medhurst PhD', 'verner02@example.com', '2024-03-28 20:18:49', '$2y$12$Jc7INMdW55bF6MQEtEfoSeaWDEBt/u2CgESy7vXiVm2sQAVxv8/46', 'DNyZyMalZM', '2024-03-28 20:18:49', '2024-03-28 20:30:23', NULL, NULL, 0),
(120, 'Ms. Alison Marquardt PhD', 'marcelo.langosh@example.com', '2024-03-28 20:18:49', '$2y$12$QcV8CKrlPoGqmJhvzKFp0uy6KKhZD1neZe41wg/9Vml5Yd7VL.rQm', 'ZkFGIsZvIo', '2024-03-28 20:18:49', '2024-03-28 20:30:24', NULL, NULL, 0),
(121, 'Alvena Ernser', 'orrin.medhurst@example.net', '2024-03-28 20:18:49', '$2y$12$XCOVRzYp1pm6GBsN.wqDyuTnQd3t4dy./GIZaFgGxeyLcaf4hA7Di', 'm097pXuppk', '2024-03-28 20:18:49', '2024-03-28 20:30:24', NULL, NULL, 0),
(122, 'Aubrey Watsica IV', 'hassan39@example.org', '2024-03-28 20:18:49', '$2y$12$QK3p/wfWI2hSbT32Wrrqwu5QJGCsn/Ca4jTy9z2.Q/MsHyC6L6JLS', 'nspymULg46', '2024-03-28 20:18:49', '2024-03-28 20:30:24', NULL, NULL, 0),
(123, 'Miss Idell Greenfelder DVM', 'pfeffer.diana@example.com', '2024-03-28 20:18:49', '$2y$12$/xggigcp0qCgrUEt4zHIMevxXVwLLgwIG1X/GVT3pkutCI7CqfC3O', 'Y5M3pjfl25', '2024-03-28 20:18:49', '2024-03-28 20:30:24', NULL, NULL, 0),
(124, 'Alyson Parisian', 'nader.josianne@example.com', '2024-03-28 20:18:49', '$2y$12$q4nHt.l9xSv7TzapJmpXnuEt8efsPODcH12EzUO97UI9Kt06RW7Zm', 'NjLT9nPd2z', '2024-03-28 20:18:49', '2024-03-28 20:30:25', NULL, NULL, 0),
(125, 'Ian Windler', 'nhaley@example.com', '2024-03-28 20:18:49', '$2y$12$dGhl4NFTVfPbfjXCNtQ0..SIchPzoHLlVDFlJSsZ1M9uSnQx2noRq', 'WyJJNWpkhn', '2024-03-28 20:18:49', '2024-03-28 20:30:25', NULL, NULL, 0),
(126, 'Dr. Bryon Swaniawski PhD', 'lkovacek@example.net', '2024-03-28 20:18:49', '$2y$12$5wlQ2b83zPON8bXZMLf3wuw5Ru/p8vNT55wEiTxmsQa048htS4nL2', 'ORY9KsAeSG', '2024-03-28 20:18:49', '2024-03-28 20:30:26', NULL, NULL, 0),
(127, 'Ms. Abagail Schroeder', 'june07@example.net', '2024-03-28 20:18:49', '$2y$12$fM9GE/ZDoVEgz.SloBEfrenTO1bIQoG/nCBciA0.zstRbVg73VInu', 'wvnPXOT14O', '2024-03-28 20:18:49', '2024-03-28 20:30:26', NULL, NULL, 0),
(128, 'Naomie Ankunding', 'vwolf@example.com', '2024-03-28 20:18:49', '$2y$12$VGHp3cs6BjaM73XsGEplOeL87Jm0p4CrBJtlbWf077Vh0DNgJiK8e', 'S3mtQeBcQt', '2024-03-28 20:18:49', '2024-03-28 20:30:26', NULL, NULL, 0),
(129, 'Georgianna Maggio IV', 'oreilly.tressie@example.net', '2024-03-28 20:18:49', '$2y$12$3DM6fPJrjwzfbBXkZGtBCuGGUofZyTFulu1/HGF5UXGd7knY0LzKK', '34ap04L4Im', '2024-03-28 20:18:49', '2024-03-28 20:30:27', NULL, NULL, 0),
(130, 'Albertha Armstrong', 'hzboncak@example.com', '2024-03-28 20:18:49', '$2y$12$DognCziZd2zxqIEfH6Iza.l0GYq6rExGT7c4T.cWRf2zwC4aTm.RC', 'pSetoV6YrC', '2024-03-28 20:18:49', '2024-03-28 20:30:27', NULL, NULL, 0),
(131, 'Mckenzie Harber', 'jakob.pollich@example.org', '2024-03-28 20:18:49', '$2y$12$3M/aGWP.ECIj76cB3jMWhOn1SQBbTFLAzWwh6.HUVUTIcBOAfXkX6', 'nuAxZj5uJj', '2024-03-28 20:18:49', '2024-03-28 20:30:27', NULL, NULL, 0),
(132, 'Emie Sporer II', 'arosenbaum@example.net', '2024-03-28 20:18:49', '$2y$12$WCzfyxjPfed7mnQZ1p4Ww.htcubF2Q/2xkKBUKjH2B2czhrSkXZnW', 'Dscwaw2EDN', '2024-03-28 20:18:49', '2024-03-28 20:30:28', NULL, NULL, 0),
(133, 'Estevan Feeney', 'cummerata.andreanne@example.net', '2024-03-28 20:18:49', '$2y$12$rBGI0wrA/kfFwtFMgE3aleT62aFyXe//H4xSboMAE0DdJEQ6rGpnG', 'hFp4EwwLUs', '2024-03-28 20:18:49', '2024-03-28 20:30:28', NULL, NULL, 0),
(134, 'Vinnie Botsford', 'immanuel.cartwright@example.com', '2024-03-28 20:18:49', '$2y$12$rHZvxv/9/mEA4iFNSMQn0eCkQJBUdyQAl2RA/ZkSEFZ.Y1lJTS3vm', 'e6ho4M3eoU', '2024-03-28 20:18:49', '2024-03-28 20:30:28', NULL, NULL, 0),
(135, 'Carolanne Hoeger PhD', 'ehowell@example.org', '2024-03-28 20:18:49', '$2y$12$6Lc7xsnhas8nRBNDWMy30uBhRjBBWa6njwbeLsJSwoJUebLEmw.By', 'ElA3qkgZID', '2024-03-28 20:18:49', '2024-03-28 20:30:29', NULL, NULL, 0),
(136, 'Adella Bartoletti', 'chandler19@example.org', '2024-03-28 20:18:49', '$2y$12$6TKDrFKCBz9cqEg/Svr/c.d8xIpJB6PeSymEQJgyJNbYjPebLprr.', 'V38Lfu9EnQ', '2024-03-28 20:18:49', '2024-03-28 20:30:29', NULL, NULL, 0),
(137, 'Ms. Marilie Senger DVM', 'kade.jenkins@example.com', '2024-03-28 20:18:49', '$2y$12$VWcGBGIY/00ndwcAxJPIv.UQAIvMxcsnNIbP3C6.q3PoRzZZEJ8LG', 't6d91bmJTk', '2024-03-28 20:18:49', '2024-03-28 20:30:29', NULL, NULL, 0),
(138, 'Joyce Predovic', 'khoeger@example.net', '2024-03-28 20:18:49', '$2y$12$4SRc/9f5ObgZH.XXNCg3eesi8M8TLXLHWSA.r4NkKO6v2MqbRL.66', 'YBN97oKSLr', '2024-03-28 20:18:49', '2024-03-28 20:30:30', NULL, NULL, 0),
(139, 'Estelle Nitzsche Sr.', 'hollis29@example.net', '2024-03-28 20:18:49', '$2y$12$5sGKJHSXvIKjlIPIQtr3Geeuj24ngeOziOrSNpiHQVEaaOIHFvVGq', 'COq27d14XQ', '2024-03-28 20:18:49', '2024-03-28 20:30:30', NULL, NULL, 0),
(140, 'Prof. Joe Hahn', 'johnathon.rau@example.com', '2024-03-28 20:18:49', '$2y$12$bPLir0HqC.g71GHBKvjMA.y70N2Sq8UsNxuEH5PEAevjbnDOy674G', 'Mwmm5LOtrE', '2024-03-28 20:18:49', '2024-03-28 20:30:30', NULL, NULL, 0),
(141, 'Dr. Berniece Paucek I', 'considine.adelle@example.org', '2024-03-28 20:18:49', '$2y$12$Te/vW3xvnsyOIUWNWZ1v2.Mw7taOWhQlVbz12DoSs7E5YrC4EfZue', 'UwGiZyOdDC', '2024-03-28 20:18:49', '2024-03-28 20:30:31', NULL, NULL, 0),
(142, 'Alanis Stamm', 'gdare@example.com', '2024-03-28 20:18:49', '$2y$12$Y3n8aFtBLnmVuNEnKf4K1OfU0jZzFhytRclwC2BA/tzUGqGi./LQi', 'iyrGwDKOdd', '2024-03-28 20:18:49', '2024-03-28 20:30:31', NULL, NULL, 0),
(143, 'Dr. Eden Rosenbaum', 'qmarquardt@example.org', '2024-03-28 20:18:49', '$2y$12$VZZTAKcJ2Y6MgM6vCdmRieaSQnFWjBU.Lr/T2yHEwsAJRf2FGjkYG', '689Cskc8TH', '2024-03-28 20:18:49', '2024-03-28 20:30:31', NULL, NULL, 0),
(144, 'Prof. Jaden Bartell', 'daniela13@example.net', '2024-03-28 20:18:49', '$2y$12$GtMTjeday4.3yc76a9jOJ.FhUzvx.qhctVJyJUIVqTzBjgmycRuNC', 'Ucf0wCsDx2', '2024-03-28 20:18:49', '2024-03-28 20:30:31', NULL, NULL, 0),
(145, 'Abel Powlowski III', 'mustafa.howe@example.net', '2024-03-28 20:18:49', '$2y$12$snlIBLq6jeaxUYbte8cEbeEJKNEwa8ru5KHJES1KdBVPZortv2sqS', 'PhGKV5Y9vr', '2024-03-28 20:18:49', '2024-03-28 20:30:32', NULL, NULL, 0),
(146, 'Aliza Hyatt Sr.', 'abbigail.howe@example.org', '2024-03-28 20:18:49', '$2y$12$/thO.YYL6yqY/QysyUy3xOUmXit9EqIJGyyYmCdYeanzBd5Bt/ihS', 'OPZG06FEzR', '2024-03-28 20:18:49', '2024-03-28 20:30:32', NULL, NULL, 0),
(147, 'Carol Murphy', 'sydnee36@example.net', '2024-03-28 20:18:49', '$2y$12$bKg.3mzlFUOOSVNs73f6VehnX/Mlr2/nbBC0czzRBNGdzNIVbfQ.G', '8wkmzZUFZi', '2024-03-28 20:18:49', '2024-03-28 20:30:32', NULL, NULL, 0),
(148, 'Zella Heller', 'xmurphy@example.com', '2024-03-28 20:18:49', '$2y$12$/EIZ4WQBAaoloutcvktE7eDnfkh9y2imYLP4RfJLZZG9ujGJsqIjK', '8ZluVEjB6R', '2024-03-28 20:18:49', '2024-03-28 20:30:33', NULL, NULL, 0),
(149, 'Miss Karianne Bernhard Jr.', 'ray.dare@example.net', '2024-03-28 20:18:49', '$2y$12$3Qznv1SlmLhxZT67T2qYaewC9Bro6498v/qZw4jsTVYO46uQGRAWm', 'hARd9QO8jO', '2024-03-28 20:18:49', '2024-03-28 20:30:33', NULL, NULL, 0),
(150, 'Johanna Trantow', 'shania92@example.net', '2024-03-28 20:18:49', '$2y$12$uWYO4p1Hs5V3T/X8QiHgQuQeLasOY5O2YQrXn4CVUmp1yVfzJhzw.', 'zZ0OUc4VJ2', '2024-03-28 20:18:49', '2024-03-28 20:30:34', NULL, NULL, 0),
(151, 'Joana Schiller', 'reymundo03@example.net', '2024-03-28 20:18:49', '$2y$12$lH2benXqEAonXXX5phNvWubOmynZaI0myz1eRTXm5ba1WyWa6nBoK', 'JWW6bluCEJ', '2024-03-28 20:18:49', '2024-03-28 20:30:34', NULL, NULL, 0),
(152, 'Mr. Issac O\'Keefe V', 'pfeffer.rick@example.com', '2024-03-28 20:18:49', '$2y$12$H.lwmZet7W94yq94qn7GNeFnzRPd72t7Vwp9bYmhm902uI.GwX54m', 'Y7l92UOL8w', '2024-03-28 20:18:49', '2024-03-28 20:30:34', NULL, NULL, 0),
(153, 'Nathan Goyette', 'lydia.rau@example.net', '2024-03-28 20:18:49', '$2y$12$.rH6CWbK1iEzf91tefjqoeHCzl/ZTbojMb4Ygejg8K4ecvrqPaVYu', '1ZONsd8jmM', '2024-03-28 20:18:49', '2024-03-28 20:30:35', NULL, NULL, 0),
(154, 'Karlie Abshire', 'pschmitt@example.com', '2024-03-28 20:18:49', '$2y$12$1SluQvUDwjD9/WOlbd6TCu9QEx/.rps/Gp9MoIDYRyvsPq/rzLoJO', 'zewrCvrqkC', '2024-03-28 20:18:49', '2024-03-28 20:30:35', NULL, NULL, 0),
(155, 'Dr. Giovani Towne', 'margarita89@example.org', '2024-03-28 20:18:49', '$2y$12$jLYbOQQY7t.IPUTaKWy4wObF.lFPysxR7Z8l24CpXRCsPx/84UKvu', 'ympJgNheHU', '2024-03-28 20:18:49', '2024-03-28 20:30:35', NULL, NULL, 0),
(156, 'Issac Bednar', 'ethyl.veum@example.net', '2024-03-28 20:18:49', '$2y$12$hdBUAAFfmoCHl0.cERVcYOnf/LDcsVfjAjosw1ooebNF5Zm79dwhe', 'nMtE8SMnyO', '2024-03-28 20:18:49', '2024-03-28 20:30:36', NULL, NULL, 0),
(157, 'Rebecca Kilback', 'jmorar@example.net', '2024-03-28 20:18:49', '$2y$12$zQsRqOP6k5BEPLRkJaJ7M.O/14n5lezAmEtMtmXzDQWSpBzoEPlB2', '8GFfxLHbFx', '2024-03-28 20:18:49', '2024-03-28 20:30:36', NULL, NULL, 0),
(158, 'Nora Rau', 'cummerata.nella@example.net', '2024-03-28 20:18:49', '$2y$12$dPeXcCt91lM9De286IXl8ewjIBhs5it40SxvrIoyEsI/e.e3sAK1.', '8fyWtuDi7A', '2024-03-28 20:18:49', '2024-03-28 20:30:36', NULL, NULL, 0),
(159, 'Gianni Becker', 'mante.reta@example.com', '2024-03-28 20:18:49', '$2y$12$ZDqQ2s2jR/1rdJbGH.t8DuAO/JFPNn3iZ/KHGx/WNBmokt4m.OaEi', 'BTUGL1CpzL', '2024-03-28 20:18:49', '2024-03-28 20:30:37', NULL, NULL, 0),
(160, 'Prof. Lavern Auer MD', 'freddy.koch@example.com', '2024-03-28 20:18:49', '$2y$12$8u8LrdKFr.gecL2Ox2iPhus7NTesxEteGjS7gf1h7Hu8.XzE3Utu2', 'krlBTavcQ8', '2024-03-28 20:18:49', '2024-03-28 20:30:37', NULL, NULL, 0),
(161, 'Cleora Fadel Jr.', 'zboncak.delmer@example.org', '2024-03-28 20:18:49', '$2y$12$xbnD0JepXL19baZ7YCvkYOJjRNku11/ikL21QMup353YZrig4bd9.', 'MOJ5J9HLlP', '2024-03-28 20:18:49', '2024-03-28 20:30:37', NULL, NULL, 0),
(162, 'Darryl Kiehn DDS', 'ukassulke@example.net', '2024-03-28 20:18:49', '$2y$12$re8BQBhsg9P4MtVQUpW61.6/87KM7448KHbs2ZBn1b.pFM.4WR2MW', 'FJGsV9gpYXoDe5E9IC72wePlRfLV1Rkr4gzzpKFSYv7snGsgixsrgcdchyF5', '2024-03-28 20:18:49', '2024-03-28 20:30:38', NULL, NULL, 0),
(163, 'Coy Schumm DDS', 'rhea.cole@example.com', '2024-03-28 20:18:49', '$2y$12$0ZLIXqXsBtIDA6RufBIayeCrJzTHhkCEcStml.HaiKV/ogVIiY4m6', 'cgtzEuIAYD', '2024-03-28 20:18:49', '2024-03-28 20:30:38', NULL, NULL, 0),
(164, 'Gracie Dietrich', 'adriel62@example.com', '2024-03-28 20:18:49', '$2y$12$tq2J28BseYTHKdZuxbanAOoGcZcMGPRKir2wC67oBeXd3aK9Y5rFy', 'buSIMZtBBd', '2024-03-28 20:18:49', '2024-03-28 20:30:39', NULL, NULL, 0),
(165, 'Eliane Boehm', 'camryn.collier@example.org', '2024-03-28 20:18:49', '$2y$12$dGDHVkUwE7ojmN6TfK2gR.Z9oCRh3xgy.nqsa3GgfP0dIda9Pc1vm', 'PexG1C4pYS', '2024-03-28 20:18:49', '2024-03-28 20:30:39', NULL, NULL, 0),
(166, 'Clemmie Reinger', 'kiley.hilpert@example.net', '2024-03-28 20:18:49', '$2y$12$E1EteRxdQBIbKo4ju2EGT.o8pOMWh/BQyXUNkATnnYcIIhOzXwkJW', 'FySeBUoLUU', '2024-03-28 20:18:49', '2024-03-28 20:30:39', NULL, NULL, 0),
(167, 'Imelda Parisian Jr.', 'fiona.boyle@example.net', '2024-03-28 20:18:49', '$2y$12$.MITlrVJNeraZxROWDx.ZuLbySJs1qZtOrWKdfUnau9JvwXVNpf8y', 'bVMrqqg2LB', '2024-03-28 20:18:49', '2024-03-28 20:30:40', NULL, NULL, 0),
(168, 'Mr. Vicente Gibson V', 'eryn88@example.com', '2024-03-28 20:18:49', '$2y$12$sdnOfCV3zDNqiITYW2KATewhf2efaE8Hl8bx7RtmKQzUJWhkGDJUa', '7eB2gm6mU7', '2024-03-28 20:18:49', '2024-03-28 20:30:40', NULL, NULL, 0),
(169, 'Prof. Daisha Hahn', 'rolando.littel@example.com', '2024-03-28 20:18:49', '$2y$12$.iJRVxnEgcdElcBRG4BRF.WDQ5g4DjVXL.WP.SUOqIkskDQ6RmcNi', 'rqSyRJyRN7', '2024-03-28 20:18:49', '2024-03-28 20:30:40', NULL, NULL, 0),
(170, 'Luis Pollich', 'daphney.cremin@example.net', '2024-03-28 20:18:49', '$2y$12$SrZkVnLYxIWxIGR6y4OO9OWEoF3ieqP0rheU8Rb2hOt/Lx2rAc9Ca', 'EVsqwehGI4', '2024-03-28 20:18:49', '2024-03-28 20:30:41', NULL, NULL, 0),
(181, 'Maximus Decimus Meridius', 'max@gmail.com', '2024-04-18 02:37:28', '$2y$12$Z5LM442SUK1.BHsESzNWJeDC/mjqsBMXKETQN8L2.Y.ZBq6OVzl7e', NULL, '2024-04-17 22:37:11', '2024-04-17 22:40:14', 'profile/REouAOMvQuADR4Oaa3TvuLT4EFsNCQCrJwFbUtr2.jpg', 'im max', 1);

--
-- Индексы сохранённых таблиц
--

--
-- Индексы таблицы `comments`
--
ALTER TABLE `comments`
  ADD PRIMARY KEY (`id`),
  ADD KEY `comments_user_id_foreign` (`user_id`),
  ADD KEY `comments_idea_id_foreign` (`idea_id`);

--
-- Индексы таблицы `failed_jobs`
--
ALTER TABLE `failed_jobs`
  ADD PRIMARY KEY (`id`),
  ADD UNIQUE KEY `failed_jobs_uuid_unique` (`uuid`);

--
-- Индексы таблицы `follower_user`
--
ALTER TABLE `follower_user`
  ADD KEY `follower_user_user_id_foreign` (`user_id`),
  ADD KEY `follower_user_follower_id_foreign` (`follower_id`);

--
-- Индексы таблицы `ideas`
--
ALTER TABLE `ideas`
  ADD PRIMARY KEY (`id`),
  ADD KEY `ideas_user_id_foreign` (`user_id`);

--
-- Индексы таблицы `idea_like`
--
ALTER TABLE `idea_like`
  ADD PRIMARY KEY (`id`),
  ADD KEY `idea_like_user_id_foreign` (`user_id`),
  ADD KEY `idea_like_idea_id_foreign` (`idea_id`);

--
-- Индексы таблицы `migrations`
--
ALTER TABLE `migrations`
  ADD PRIMARY KEY (`id`);

--
-- Индексы таблицы `password_reset_tokens`
--
ALTER TABLE `password_reset_tokens`
  ADD PRIMARY KEY (`email`);

--
-- Индексы таблицы `personal_access_tokens`
--
ALTER TABLE `personal_access_tokens`
  ADD PRIMARY KEY (`id`),
  ADD UNIQUE KEY `personal_access_tokens_token_unique` (`token`),
  ADD KEY `personal_access_tokens_tokenable_type_tokenable_id_index` (`tokenable_type`,`tokenable_id`);

--
-- Индексы таблицы `users`
--
ALTER TABLE `users`
  ADD PRIMARY KEY (`id`),
  ADD UNIQUE KEY `users_email_unique` (`email`);

--
-- AUTO_INCREMENT для сохранённых таблиц
--

--
-- AUTO_INCREMENT для таблицы `comments`
--
ALTER TABLE `comments`
  MODIFY `id` bigint UNSIGNED NOT NULL AUTO_INCREMENT, AUTO_INCREMENT=59;

--
-- AUTO_INCREMENT для таблицы `failed_jobs`
--
ALTER TABLE `failed_jobs`
  MODIFY `id` bigint UNSIGNED NOT NULL AUTO_INCREMENT;

--
-- AUTO_INCREMENT для таблицы `ideas`
--
ALTER TABLE `ideas`
  MODIFY `id` bigint UNSIGNED NOT NULL AUTO_INCREMENT, AUTO_INCREMENT=77;

--
-- AUTO_INCREMENT для таблицы `idea_like`
--
ALTER TABLE `idea_like`
  MODIFY `id` bigint UNSIGNED NOT NULL AUTO_INCREMENT, AUTO_INCREMENT=911;

--
-- AUTO_INCREMENT для таблицы `migrations`
--
ALTER TABLE `migrations`
  MODIFY `id` int UNSIGNED NOT NULL AUTO_INCREMENT, AUTO_INCREMENT=21;

--
-- AUTO_INCREMENT для таблицы `personal_access_tokens`
--
ALTER TABLE `personal_access_tokens`
  MODIFY `id` bigint UNSIGNED NOT NULL AUTO_INCREMENT;

--
-- AUTO_INCREMENT для таблицы `users`
--
ALTER TABLE `users`
  MODIFY `id` bigint UNSIGNED NOT NULL AUTO_INCREMENT, AUTO_INCREMENT=182;

--
-- Ограничения внешнего ключа сохраненных таблиц
--

--
-- Ограничения внешнего ключа таблицы `comments`
--
ALTER TABLE `comments`
  ADD CONSTRAINT `comments_idea_id_foreign` FOREIGN KEY (`idea_id`) REFERENCES `ideas` (`id`) ON DELETE CASCADE,
  ADD CONSTRAINT `comments_user_id_foreign` FOREIGN KEY (`user_id`) REFERENCES `users` (`id`) ON DELETE CASCADE;

--
-- Ограничения внешнего ключа таблицы `follower_user`
--
ALTER TABLE `follower_user`
  ADD CONSTRAINT `follower_user_follower_id_foreign` FOREIGN KEY (`follower_id`) REFERENCES `users` (`id`) ON DELETE CASCADE,
  ADD CONSTRAINT `follower_user_user_id_foreign` FOREIGN KEY (`user_id`) REFERENCES `users` (`id`) ON DELETE CASCADE;

--
-- Ограничения внешнего ключа таблицы `ideas`
--
ALTER TABLE `ideas`
  ADD CONSTRAINT `ideas_user_id_foreign` FOREIGN KEY (`user_id`) REFERENCES `users` (`id`) ON DELETE CASCADE;

--
-- Ограничения внешнего ключа таблицы `idea_like`
--
ALTER TABLE `idea_like`
  ADD CONSTRAINT `idea_like_idea_id_foreign` FOREIGN KEY (`idea_id`) REFERENCES `ideas` (`id`) ON DELETE CASCADE ON UPDATE CASCADE,
  ADD CONSTRAINT `idea_like_user_id_foreign` FOREIGN KEY (`user_id`) REFERENCES `users` (`id`) ON DELETE CASCADE ON UPDATE CASCADE;
COMMIT;

/*!40101 SET CHARACTER_SET_CLIENT=@OLD_CHARACTER_SET_CLIENT */;
/*!40101 SET CHARACTER_SET_RESULTS=@OLD_CHARACTER_SET_RESULTS */;
/*!40101 SET COLLATION_CONNECTION=@OLD_COLLATION_CONNECTION */;
